Date,Discharge (m3/s)
1998-01-01,1441.0
1998-01-02,1131.655220368511
1998-01-03,1150.644349923836
1998-01-04,1207.366987991478
1998-01-05,1106.2401064229934
1998-01-06,1129.1099485981279
1998-01-07,1129.109948598128
1998-01-08,1103.451035225105
1998-01-09,1114.6692608790383
1998-01-10,1051.6476090424528
1998-01-11,1043.1212033757245
1998-01-12,1050.5700289333247
1998-01-13,1023.1649555439305
1998-01-14,1023.1649555439305
1998-01-15,1061.1996839321273
1998-01-16,1061.199683932127
1998-01-17,1194.4905013705104
1998-01-18,1039.664501449874
1998-01-19,1003.2746812665109
1998-01-20,1026.7651745438304
1998-01-21,1084.5725426910608
1998-01-22,1195.1998576768178
1998-01-23,1299.6688407294316
1998-01-24,1390.836289857069
1998-01-25,1422.4300074401096
1998-01-26,1427.127434377814
1998-01-27,1360.1395175675257
1998-01-28,1395.1057002250645
1998-01-29,1915.2820220964265
1998-01-30,2009.8544991898334
1998-01-31,2070.0505329388216
1998-02-01,1909.121163134829
1998-02-02,1815.9284869653957
1998-02-03,1638.5182942034921
1998-02-04,1548.7970751229227
1998-02-05,1558.2593816270153
1998-02-06,1276.2265785865682
1998-02-07,1168.8618923349347
1998-02-08,1146.7045834880087
1998-02-09,1137.922475866595
1998-02-10,1066.7041786802022
1998-02-11,1111.6806456339284
1998-02-12,1161.8573057777853
1998-02-13,1190.4200385189897
1998-02-14,1191.7089265511124
1998-02-15,1143.7671982607242
1998-02-16,1103.8240417868549
1998-02-17,969.2793577821313
1998-02-18,843.0427768962513
1998-02-19,855.4858345000234
1998-02-20,794.002420443268
1998-02-21,761.5946297252083
1998-02-22,693.5035641667195
1998-02-23,679.1063546314125
1998-02-24,899.0392588557985
1998-02-25,1017.1575705605561
1998-02-26,932.7976433181701
1998-02-27,967.1431953203258
1998-02-28,978.7571012773872
1998-03-01,1015.0862736605023
1998-03-02,1015.0862736605023
1998-03-03,1003.2088406178933
1998-03-04,990.6940204615565
1998-03-05,976.8943157464632
1998-03-06,819.8069174184317
1998-03-07,900.1426551543387
1998-03-08,877.1214237151531
1998-03-09,864.7342388566783
1998-03-10,763.8192849684543
1998-03-11,809.7067372232658
1998-03-12,750.1793921436381
1998-03-13,732.020833500119
1998-03-14,733.2722534694335
1998-03-15,659.6927118810733
1998-03-16,656.4979134904796
1998-03-17,605.5796610852875
1998-03-18,615.2794826000487
1998-03-19,567.252061674266
1998-03-20,481.18276180245977
1998-03-21,450.51225169844616
1998-03-22,529.8430706046947
1998-03-23,485.2229531019577
1998-03-24,476.33985854821856
1998-03-25,371.26458104428065
1998-03-26,400.3773503458059
1998-03-27,329.11011940335817
1998-03-28,377.1221530348897
1998-03-29,350.9719576916952
1998-03-30,495.1116961102054
1998-03-31,709.3810264936664
1998-04-01,658.1804271078845
1998-04-02,659.9938431758865
1998-04-03,544.5078440585206
1998-04-04,577.7124827339496
1998-04-05,492.54787607699456
1998-04-06,420.40633176588807
1998-04-07,391.37483042865114
1998-04-08,389.4192952350719
1998-04-09,455.2458918147672
1998-04-10,413.88493082410355
1998-04-11,381.4591868624714
1998-04-12,388.4234373108111
1998-04-13,442.6458892522278
1998-04-14,444.49362786392885
1998-04-15,466.4877819269147
1998-04-16,457.35364830214854
1998-04-17,569.4855297812636
1998-04-18,585.765605692809
1998-04-19,587.7685253364434
1998-04-20,549.3659805488193
1998-04-21,549.3659805488193
1998-04-22,604.9183493763347
1998-04-23,529.2468306703892
1998-04-24,571.8681322871662
1998-04-25,577.7311167094845
1998-04-26,516.9727078522931
1998-04-27,446.47607737552255
1998-04-28,466.41681282643356
1998-04-29,431.23012258310644
1998-04-30,500.9649597494173
1998-05-01,441.88948382215693
1998-05-02,440.8990755729107
1998-05-03,409.9953078049229
1998-05-04,435.3187145935662
1998-05-05,880.2657647059235
1998-05-06,717.323349945932
1998-05-07,795.8041280664816
1998-05-08,1035.178552498293
1998-05-09,886.1585237611755
1998-05-10,1004.8153632282053
1998-05-11,770.3494640115401
1998-05-12,579.8019435840699
1998-05-13,482.85656994464483
1998-05-14,347.4917343211695
1998-05-15,380.60494595981254
1998-05-16,317.33004141304974
1998-05-17,318.58851043262763
1998-05-18,270.6333900040057
1998-05-19,286.4936467015103
1998-05-20,274.4175879818793
1998-05-21,283.10972154753773
1998-05-22,354.82471315160245
1998-05-23,372.4229866253819
1998-05-24,488.60922151858614
1998-05-25,404.4004520123226
1998-05-26,408.1007508457361
1998-05-27,526.6912810899926
1998-05-28,527.3446699774208
1998-05-29,526.7228923536703
1998-05-30,544.4288111419083
1998-05-31,531.2513110172955
1998-06-01,601.9747258504578
1998-06-02,601.9747258504577
1998-06-03,595.163287987169
1998-06-04,507.00018608938365
1998-06-05,478.0904749240155
1998-06-06,448.8966264386312
1998-06-07,466.95058080510177
1998-06-08,487.78767211896354
1998-06-09,675.88585648071
1998-06-10,678.6369117010313
1998-06-11,630.5274165934076
1998-06-12,632.3547282600521
1998-06-13,1265.1292654552042
1998-06-14,1155.8185650807386
1998-06-15,1021.534470834993
1998-06-16,866.1862740096235
1998-06-17,634.257537303365
1998-06-18,563.0166889172267
1998-06-19,600.2929022355236
1998-06-20,584.0544784080065
1998-06-21,524.3599805192628
1998-06-22,459.2596317418464
1998-06-23,938.4699589636839
1998-06-24,1418.7399664866036
1998-06-25,1518.1333356764353
1998-06-26,2229.282812306993
1998-06-27,2464.6050643113526
1998-06-28,2412.7351327812894
1998-06-29,2274.657463240378
1998-06-30,1895.3471388322885
1998-07-01,1723.6010026470374
1998-07-02,1646.6599556740773
1998-07-03,2319.9737851100026
1998-07-04,1914.1154468385034
1998-07-05,2344.7239769736975
1998-07-06,2109.8921071114496
1998-07-07,2462.711589608207
1998-07-08,2591.643314991101
1998-07-09,2845.32097030071
1998-07-10,3074.970655251846
1998-07-11,3178.8043957762357
1998-07-12,3130.1657989640416
1998-07-13,3175.9772917510386
1998-07-14,3040.5196319555407
1998-07-15,3052.52200669558
1998-07-16,2828.69686356811
1998-07-17,2778.8658741479267
1998-07-18,2989.7581998695623
1998-07-19,3245.4055095614485
1998-07-20,3232.6857872348282
1998-07-21,3318.8416790853053
1998-07-22,3318.8416790853057
1998-07-23,3236.285384741924
1998-07-24,2993.683472585589
1998-07-25,2887.2524864046527
1998-07-26,2514.109340198832
1998-07-27,2368.077804620624
1998-07-28,2172.5004810310115
1998-07-29,2193.0613740924114
1998-07-30,2072.8142901042693
1998-07-31,1834.6286068605893
1998-08-01,1766.35815150575
1998-08-02,1653.9417921316422
1998-08-03,1230.6772467142391
1998-08-04,1391.3793786610793
1998-08-05,1556.6594580589901
1998-08-06,1270.601951071732
1998-08-07,1928.348512641734
1998-08-08,2227.9759677417533
1998-08-09,2478.96792731758
1998-08-10,2575.084174216574
1998-08-11,2723.1213068730103
1998-08-12,2780.880949005938
1998-08-13,2748.5607314446943
1998-08-14,2917.6611050269107
1998-08-15,2941.4659076877274
1998-08-16,2996.966128800244
1998-08-17,2893.553453387395
1998-08-18,2639.864520932428
1998-08-19,2530.9439952623034
1998-08-20,2507.582246952894
1998-08-21,2225.667037586774
1998-08-22,2105.2540406947446
1998-08-23,2060.2763109572525
1998-08-24,1828.1141636175892
1998-08-25,1584.1967604839685
1998-08-26,1311.3650642590585
1998-08-27,1057.816850742872
1998-08-28,1164.1924371026626
1998-08-29,1128.634598211934
1998-08-30,1106.912311294266
1998-08-31,1081.681575953565
1998-09-01,1001.5620843099863
1998-09-02,1009.5175795438942
1998-09-03,1211.0180942170457
1998-09-04,1072.4394344475213
1998-09-05,1072.439434447521
1998-09-06,1183.6921440451729
1998-09-07,1183.6921440451727
1998-09-08,1062.31898747995
1998-09-09,1087.9274149521416
1998-09-10,1110.5219175324155
1998-09-11,1183.7795545937697
1998-09-12,1154.8217648026869
1998-09-13,1258.027691105437
1998-09-14,1544.6179791972947
1998-09-15,1347.7820678548912
1998-09-16,1363.76585298181
1998-09-17,1191.0016379457809
1998-09-18,980.624947754855
1998-09-19,927.6025462154283
1998-09-20,784.5989145250345
1998-09-21,735.6162431910683
1998-09-22,789.173190899345
1998-09-23,696.2008854927064
1998-09-24,711.3370691433333
1998-09-25,569.1835263028095
1998-09-26,510.86028555607857
1998-09-27,658.2944563234655
1998-09-28,597.8832965785314
1998-09-29,592.8840927207601
1998-09-30,456.1058945130321
1998-10-01,559.3840903615954
1998-10-02,398.5026288637159
1998-10-03,438.863924569471
1998-10-04,334.79274080806425
1998-10-05,339.97667077866816
1998-10-06,295.5735170756348
1998-10-07,314.48720320521346
1998-10-08,377.92008272397925
1998-10-09,320.529977225297
1998-10-10,387.50286848709914
1998-10-11,272.7874773740132
1998-10-12,271.93066032247634
1998-10-13,274.01287286992067
1998-10-14,248.65723634772812
1998-10-15,230.31251928529088
1998-10-16,331.92267979758594
1998-10-17,316.6344901376436
1998-10-18,438.5108388609174
1998-10-19,415.61765656738123
1998-10-20,443.5315665514937
1998-10-21,522.2405771617914
1998-10-22,522.2405771617914
1998-10-23,501.6838620534369
1998-10-24,501.6838620534368
1998-10-25,651.8995393177992
1998-10-26,681.102898067716
1998-10-27,847.9136905121286
1998-10-28,747.131936936921
1998-10-29,735.4086312627295
1998-10-30,660.2411067086813
1998-10-31,697.8345094828336
1998-11-01,610.0705041935938
1998-11-02,615.6247219547253
1998-11-03,675.6778757011077
1998-11-04,566.3748227615665
1998-11-05,582.2283662599931
1998-11-06,638.319183126436
1998-11-07,494.5305437935839
1998-11-08,557.5406041531259
1998-11-09,468.343666544935
1998-11-10,503.89653059304163
1998-11-11,465.73182304101704
1998-11-12,497.8264502943753
1998-11-13,487.0351393115818
1998-11-14,477.7374837804189
1998-11-15,450.3570710182438
1998-11-16,461.0506400742555
1998-11-17,559.5027890364958
1998-11-18,540.8112307969907
1998-11-19,611.7548906235138
1998-11-20,479.9902605193693
1998-11-21,486.881934931939
1998-11-22,671.9239501085486
1998-11-23,608.7814410447882
1998-11-24,662.6625010086458
1998-11-25,627.8040506207388
1998-11-26,648.9332564047616
1998-11-27,669.7388172831003
1998-11-28,689.9939357059952
1998-11-29,668.0153738000748
1998-11-30,663.2700631997265
1998-12-01,653.9950196032114
1998-12-02,631.3219331706795
1998-12-03,589.1563133499363
1998-12-04,537.7442026410594
1998-12-05,684.5953553965118
1998-12-06,684.5953553965119
1998-12-07,725.7391221903749
1998-12-08,725.7391221903748
1998-12-09,716.4831030679596
1998-12-10,874.3907996757573
1998-12-11,839.1572984977452
1998-12-12,758.356965380157
1998-12-13,814.2983882093679
1998-12-14,703.9536842007844
1998-12-15,714.0133133786948
1998-12-16,714.9012610859443
1998-12-17,690.8019943942443
1998-12-18,685.708488867709
1998-12-19,695.5587281047308
1998-12-20,626.6333940931264
1998-12-21,736.0
1998-12-22,
1998-12-23,
1998-12-24,
1998-12-25,
1998-12-26,
1998-12-27,
1998-12-28,
1998-12-29,
1998-12-30,
1998-12-31,
1999-01-01,913.0
1999-01-02,712.5958489769638
1999-01-03,774.661926015107
1999-01-04,774.661926015107
1999-01-05,774.661926015107
1999-01-06,774.661926015107
1999-01-07,737.0869011341573
1999-01-08,801.2079153958473
1999-01-09,704.0989488735435
1999-01-10,703.1965669609482
1999-01-11,656.2980578111875
1999-01-12,704.720151561806
1999-01-13,704.7201515618059
1999-01-14,704.8347644897407
1999-01-15,694.3869823695968
1999-01-16,640.9474349943256
1999-01-17,638.3627908067756
1999-01-18,627.4697355071289
1999-01-19,675.7029898271487
1999-01-20,675.7029898271487
1999-01-21,797.1198965177387
1999-01-22,797.1198965177387
1999-01-23,865.6981310725957
1999-01-24,881.0979001768669
1999-01-25,897.2402422593866
1999-01-26,790.0059500219405
1999-01-27,860.3758376152085
1999-01-28,746.1797863893594
1999-01-29,790.5010535789447
1999-01-30,811.4950993696511
1999-01-31,789.6799573820086
1999-02-01,692.0783042920393
1999-02-02,642.7248572060469
1999-02-03,683.2360055543752
1999-02-04,759.6697902638998
1999-02-05,703.090356370527
1999-02-06,768.3881524128701
1999-02-07,687.4532151363361
1999-02-08,685.8485608267341
1999-02-09,632.253101451029
1999-02-10,599.3216115894126
1999-02-11,591.5251794242614
1999-02-12,514.4685854394374
1999-02-13,588.4027823314286
1999-02-14,605.7914719115931
1999-02-15,656.8522051228177
1999-02-16,581.3125182087159
1999-02-17,609.0324940689371
1999-02-18,516.5418689949577
1999-02-19,580.2641267600164
1999-02-20,548.3701406078776
1999-02-21,483.74637715706467
1999-02-22,513.9152856653789
1999-02-23,419.1255236936973
1999-02-24,418.47716727610526
1999-02-25,363.43452695257287
1999-02-26,351.07816847639856
1999-02-27,344.5151946864927
1999-02-28,312.0564484974838
1999-03-01,294.89468176039446
1999-03-02,329.2605708869491
1999-03-03,347.07318043518643
1999-03-04,418.20182070200286
1999-03-05,433.1775942938058
1999-03-06,433.1775942938058
1999-03-07,424.2353727922697
1999-03-08,424.2353727922697
1999-03-09,515.2240049558935
1999-03-10,524.3265358380221
1999-03-11,491.27928285798095
1999-03-12,440.399534600355
1999-03-13,469.9179760205301
1999-03-14,440.582237503936
1999-03-15,488.7735335763384
1999-03-16,531.9062887150222
1999-03-17,573.0577936600988
1999-03-18,605.330367957767
1999-03-19,549.5475136475517
1999-03-20,541.232599438504
1999-03-21,509.3097644668214
1999-03-22,522.2900314555021
1999-03-23,526.0792833971519
1999-03-24,541.6627483345246
1999-03-25,504.112002334808
1999-03-26,427.36094713240624
1999-03-27,415.6382206120706
1999-03-28,348.9485279357145
1999-03-29,287.6669920027711
1999-03-30,418.68602040918586
1999-03-31,353.95743592448144
1999-04-01,377.2748148005615
1999-04-02,334.9182084592896
1999-04-03,318.239483193417
1999-04-04,336.3955268238355
1999-04-05,338.3895673212706
1999-04-06,332.310780462751
1999-04-07,303.6532270606553
1999-04-08,373.1881184388042
1999-04-09,298.3826815728292
1999-04-10,334.67815013960626
1999-04-11,295.8731756649229
1999-04-12,370.9314694591537
1999-04-13,387.0725145267239
1999-04-14,360.0958422085611
1999-04-15,352.2026170323017
1999-04-16,343.78562067879153
1999-04-17,339.77187877858023
1999-04-18,437.0601053486618
1999-04-19,380.24402289707314
1999-04-20,377.81770221218017
1999-04-21,417.469496648213
1999-04-22,417.46949664821295
1999-04-23,504.4779335787816
1999-04-24,504.4779335787815
1999-04-25,552.5095279818473
1999-04-26,487.8485575188646
1999-04-27,509.20800500415385
1999-04-28,457.6906973419989
1999-04-29,483.15463012914836
1999-04-30,421.7338076804305
1999-05-01,406.4358234514688
1999-05-02,420.21355915496355
1999-05-03,413.7759385979502
1999-05-04,411.76565798003077
1999-05-05,334.30990082721553
1999-05-06,417.28415338084557
1999-05-07,377.6073848376543
1999-05-08,384.46297130667324
1999-05-09,429.4584797042133
1999-05-10,400.19777692496837
1999-05-11,460.4312652650726
1999-05-12,401.95067915709467
1999-05-13,590.9548883311945
1999-05-14,471.4180067013118
1999-05-15,597.1713957029104
1999-05-16,535.2561324438036
1999-05-17,612.5898425269554
1999-05-18,487.4069396268524
1999-05-19,409.2748900538204
1999-05-20,365.96078568715467
1999-05-21,346.5210868655517
1999-05-22,258.37573170680025
1999-05-23,280.49769367300047
1999-05-24,532.1931499609652
1999-05-25,548.4714101254018
1999-05-26,472.77725071442285
1999-05-27,468.3734732028745
1999-05-28,577.0838383538119
1999-05-29,610.2415413319485
1999-05-30,623.3536389385756
1999-05-31,577.7152902987194
1999-06-01,578.8118546176551
1999-06-02,542.6243954960001
1999-06-03,435.5382660479948
1999-06-04,357.6074990361214
1999-06-05,296.76035550933335
1999-06-06,280.7709468902462
1999-06-07,317.3434295439454
1999-06-08,317.3434295439454
1999-06-09,332.0124345239986
1999-06-10,445.45133428913624
1999-06-11,514.8363709613841
1999-06-12,570.8219213395048
1999-06-13,609.9235067977139
1999-06-14,599.5648256099057
1999-06-15,570.8217963909832
1999-06-16,463.5992677895374
1999-06-17,409.75275018295554
1999-06-18,381.1637490880242
1999-06-19,259.5677492835982
1999-06-20,227.1994337786687
1999-06-21,786.8425364723355
1999-06-22,628.6943225530497
1999-06-23,444.117127424628
1999-06-24,690.3390310089133
1999-06-25,906.254471712606
1999-06-26,909.9536830457259
1999-06-27,774.9997374138361
1999-06-28,662.3493096834034
1999-06-29,764.7009886784826
1999-06-30,841.7510907975802
1999-07-01,813.2023881131815
1999-07-02,749.2669969414179
1999-07-03,577.7816806445047
1999-07-04,481.2205722784807
1999-07-05,479.706413961036
1999-07-06,1806.2187345215864
1999-07-07,1505.5466103545962
1999-07-08,1255.0886930494246
1999-07-09,1160.451781193092
1999-07-10,858.9792949320207
1999-07-11,768.1612379650385
1999-07-12,688.6130322227052
1999-07-13,490.99136060942715
1999-07-14,387.88304677670567
1999-07-15,459.41118984946905
1999-07-16,492.76463562476886
1999-07-17,471.2765390561252
1999-07-18,560.3863457399925
1999-07-19,587.6117021461648
1999-07-20,615.6883130513266
1999-07-21,634.6195565748237
1999-07-22,669.7977712957583
1999-07-23,673.381424091926
1999-07-24,741.6223484995661
1999-07-25,740.4260406922632
1999-07-26,667.9039797548116
1999-07-27,617.9650871350478
1999-07-28,617.9650871350477
1999-07-29,747.8800997312402
1999-07-30,987.5247476058403
1999-07-31,997.8611512040485
1999-08-01,886.6849560073663
1999-08-02,1110.8908178646418
1999-08-03,1131.253394717046
1999-08-04,1219.3823003859088
1999-08-05,1330.1544530492445
1999-08-06,1541.6035675097878
1999-08-07,1384.1168576547664
1999-08-08,1965.740622737417
1999-08-09,2440.8463952830975
1999-08-10,2685.4869243884714
1999-08-11,2846.5240377413975
1999-08-12,2887.6697309763726
1999-08-13,2915.8978439106863
1999-08-14,2975.5880226040886
1999-08-15,2837.7045339773063
1999-08-16,2705.919418386124
1999-08-17,2623.248824249651
1999-08-18,2596.5489666540043
1999-08-19,2498.225242785407
1999-08-20,2205.8470845159195
1999-08-21,2117.0098992727153
1999-08-22,2064.1216638307687
1999-08-23,1948.2696553847265
1999-08-24,1760.9184912990597
1999-08-25,1631.4183241184523
1999-08-26,1509.6128845003711
1999-08-27,1513.1089648962236
1999-08-28,1428.809321177656
1999-08-29,1426.195696176997
1999-08-30,1560.5044988471852
1999-08-31,1548.189539153126
1999-09-01,1553.5220907255214
1999-09-02,1421.1622447849463
1999-09-03,1307.5052123513613
1999-09-04,1308.3857169527278
1999-09-05,1338.518178422313
1999-09-06,1302.85788980401
1999-09-07,1103.6824487197086
1999-09-08,1103.6824487197089
1999-09-09,925.2038495394928
1999-09-10,795.4932256532688
1999-09-11,715.8040965027905
1999-09-12,1000.6283828167378
1999-09-13,1006.0914881662901
1999-09-14,1093.358389070196
1999-09-15,1043.0204363482571
1999-09-16,899.0180875460113
1999-09-17,803.3165310547499
1999-09-18,841.537182951419
1999-09-19,734.6001295944654
1999-09-20,922.6363707084946
1999-09-21,860.2199326340152
1999-09-22,883.9898936429987
1999-09-23,1349.3983824754905
1999-09-24,1282.9066067169636
1999-09-25,1101.7298161306549
1999-09-26,898.2034575633696
1999-09-27,709.8323540256969
1999-09-28,565.3066427846069
1999-09-29,414.02371944600606
1999-09-30,424.2871115867952
1999-10-01,372.766036762147
1999-10-02,416.2448201011983
1999-10-03,414.4042231034771
1999-10-04,434.02981340507347
1999-10-05,636.9494354799708
1999-10-06,452.7413681480857
1999-10-07,444.51023211501536
1999-10-08,744.4094854119405
1999-10-09,762.1178822590879
1999-10-10,533.6312094795275
1999-10-11,580.2590222675295
1999-10-12,395.03026910739703
1999-10-13,362.1566419890323
1999-10-14,410.7833060634533
1999-10-15,273.7475787243592
1999-10-16,311.4364922534347
1999-10-17,349.9732620892769
1999-10-18,293.2848261238974
1999-10-19,308.84455091147424
1999-10-20,361.1630777450214
1999-10-21,353.8939855799023
1999-10-22,365.935899487657
1999-10-23,361.4669522506526
1999-10-24,545.3637305926518
1999-10-25,487.25161377937195
1999-10-26,576.3241360991434
1999-10-27,553.3530248933009
1999-10-28,553.3530248933009
1999-10-29,589.2540397249924
1999-10-30,743.33796578038
1999-10-31,665.1985155139363
1999-11-01,741.5950112780339
1999-11-02,767.2739683777079
1999-11-03,586.4557803211856
1999-11-04,693.6696085613632
1999-11-05,647.106918221907
1999-11-06,651.3683510008121
1999-11-07,658.896772148146
1999-11-08,724.3787854669624
1999-11-09,658.7195231197152
1999-11-10,544.6867583708702
1999-11-11,507.06243416311406
1999-11-12,521.4826286584469
1999-11-13,469.2767410117103
1999-11-14,446.96958821714077
1999-11-15,391.5206263797432
1999-11-16,492.4840128630926
1999-11-17,464.55556658313805
1999-11-18,401.049329545144
1999-11-19,395.06145095198997
1999-11-20,505.2984255803132
1999-11-21,537.0861282074411
1999-11-22,512.1755426915613
1999-11-23,546.7336285919639
1999-11-24,488.48304797433553
1999-11-25,531.6390970045582
1999-11-26,477.7776751491649
1999-11-27,512.1212805478356
1999-11-28,560.6362069627951
1999-11-29,527.5031082074752
1999-11-30,524.1433177481431
1999-12-01,393.3149834885023
1999-12-02,408.77641018156515
1999-12-03,421.40000283534744
1999-12-04,425.8010608529725
1999-12-05,414.7446394360071
1999-12-06,433.1786024746997
1999-12-07,427.67990957278596
1999-12-08,387.7344403764129
1999-12-09,382.5530281127099
1999-12-10,415.80286488634505
1999-12-11,492.56093955790374
1999-12-12,492.5609395579037
1999-12-13,608.6409676894183
1999-12-14,608.6409676894182
1999-12-15,745.0788567715753
1999-12-16,808.983100099628
1999-12-17,761.2952232059637
1999-12-18,739.7384710196858
1999-12-19,790.5471824739087
1999-12-20,671.6488018861207
1999-12-21,735.1686782265175
1999-12-22,704.3710112079432
1999-12-23,712.4558751392284
1999-12-24,714.244392764416
1999-12-25,629.9885282216258
1999-12-26,541.027860528655
1999-12-27,449.2140110160556
1999-12-28,405.1391861087733
1999-12-29,422.81544438423884
1999-12-30,405.4103785018313
1999-12-31,480.7043011229281
2000-01-01,444.9035867267082
2000-01-02,487.3334255403883
2000-01-03,422.9638279453132
2000-01-04,461.9235904936697
2000-01-05,498.2863916688587
2000-01-06,504.6718060049916
2000-01-07,625.7814200854895
2000-01-08,532.4565711499181
2000-01-09,535.7877279802647
2000-01-10,506.955146863719
2000-01-11,516.9501462138214
2000-01-12,521.010806570959
2000-01-13,508.188846884148
2000-01-14,548.4124176300551
2000-01-15,431.75932078959755
2000-01-16,436.8024469656673
2000-01-17,457.55743512660837
2000-01-18,526.6971643511664
2000-01-19,526.2844175246416
2000-01-20,530.861317816137
2000-01-21,522.5027155459676
2000-01-22,622.1249243259056
2000-01-23,633.3547283377926
2000-01-24,603.276529420695
2000-01-25,621.1808346863317
2000-01-26,621.1808346863317
2000-01-27,658.0715994954386
2000-01-28,658.0715994954385
2000-01-29,736.5350027660535
2000-01-30,820.1782757777244
2000-01-31,798.0246691346753
2000-02-01,682.8834735787458
2000-02-02,688.2614567506325
2000-02-03,692.7419742460431
2000-02-04,781.6592375784325
2000-02-05,734.8901359608336
2000-02-06,856.1889640664014
2000-02-07,763.3877195361762
2000-02-08,609.4911201084443
2000-02-09,594.6837240694363
2000-02-10,635.7774365293229
2000-02-11,502.43844173335594
2000-02-12,573.8872320643669
2000-02-13,479.7517806005538
2000-02-14,509.74048189692206
2000-02-15,470.1970097050322
2000-02-16,445.72086848508854
2000-02-17,577.6035464664643
2000-02-18,597.3002877105131
2000-02-19,600.9325058462316
2000-02-20,519.4534278266599
2000-02-21,585.5254193932449
2000-02-22,424.9729116369592
2000-02-23,463.0358983717569
2000-02-24,458.6953723852793
2000-02-25,532.0955573948182
2000-02-26,595.8471180295272
2000-02-27,444.9783947443677
2000-02-28,655.8627172635116
2000-02-29,513.5661786143215
2000-03-01,588.1141187010782
2000-03-02,544.2620351268403
2000-03-03,526.6696116124741
2000-03-04,517.0271293091786
2000-03-05,497.415354004514
2000-03-06,459.8619199774149
2000-03-07,439.76308946418044
2000-03-08,418.13047303109664
2000-03-09,434.7831650195704
2000-03-10,414.77017473998995
2000-03-11,451.755428455293
2000-03-12,491.81894982181217
2000-03-13,491.81894982181217
2000-03-14,559.2401597648264
2000-03-15,559.2401597648263
2000-03-16,590.2502253790861
2000-03-17,559.77080195564
2000-03-18,614.8747168643854
2000-03-19,522.7765148196096
2000-03-20,594.2615400793762
2000-03-21,558.3306825909067
2000-03-22,547.8678790283407
2000-03-23,466.79118054374305
2000-03-24,457.7450867240873
2000-03-25,454.21768348035056
2000-03-26,341.3980087339917
2000-03-27,363.1329746763464
2000-03-28,334.14706704104975
2000-03-29,397.9790789789011
2000-03-30,404.8568370507803
2000-03-31,335.9972065345212
2000-04-01,360.79862185276625
2000-04-02,350.42270701277243
2000-04-03,341.63892191520614
2000-04-04,334.74780472936595
2000-04-05,279.1221553012557
2000-04-06,355.1466510482528
2000-04-07,314.6413680854833
2000-04-08,406.4177141409735
2000-04-09,385.3245468210351
2000-04-10,404.42479601015174
2000-04-11,393.85983293622496
2000-04-12,350.53270558327915
2000-04-13,337.56076166875175
2000-04-14,246.46719254936227
2000-04-15,298.1066596478547
2000-04-16,247.22123111794122
2000-04-17,265.11017455408404
2000-04-18,260.8113812092447
2000-04-19,277.2916872591005
2000-04-20,274.4091021721051
2000-04-21,384.72896500920655
2000-04-22,380.4421184622812
2000-04-23,465.13950012282976
2000-04-24,386.24228916518405
2000-04-25,381.96583473360175
2000-04-26,363.33433160972925
2000-04-27,363.33433160972936
2000-04-28,377.0723874770155
2000-04-29,377.07238747701547
2000-04-30,437.5916578905186
2000-05-01,448.99127613891557
2000-05-02,526.4790995643582
2000-05-03,371.79099430935713
2000-05-04,356.2745077806956
2000-05-05,436.5867991805223
2000-05-06,465.42233902880736
2000-05-07,331.8220975602741
2000-05-08,259.0510385932157
2000-05-09,271.2483488438528
2000-05-10,229.5061277992146
2000-05-11,286.21436993469166
2000-05-12,217.09529678525953
2000-05-13,287.8003395432337
2000-05-14,228.47120888530122
2000-05-15,269.9030929442177
2000-05-16,265.2789586207531
2000-05-17,244.60183855404645
2000-05-18,261.0473641250947
2000-05-19,231.2431342640582
2000-05-20,261.5071700381898
2000-05-21,246.56034364484378
2000-05-22,190.24595221533932
2000-05-23,195.86269220903256
2000-05-24,266.207741000363
2000-05-25,260.92080584532897
2000-05-26,237.32595712324573
2000-05-27,279.90798837740664
2000-05-28,272.4459725009354
2000-05-29,192.87216046021078
2000-05-30,409.4637867929554
2000-05-31,598.0011738795195
2000-06-01,534.3897914798965
2000-06-02,420.5854936496243
2000-06-03,436.2691044928455
2000-06-04,444.62220008062184
2000-06-05,531.0882375934885
2000-06-06,510.5648942697497
2000-06-07,446.27236869409364
2000-06-08,452.07382538725614
2000-06-09,535.4683618541674
2000-06-10,436.12810513135696
2000-06-11,436.128105131357
2000-06-12,458.11967474105853
2000-06-13,458.1196747410585
2000-06-14,672.8768622390944
2000-06-15,672.8768622390944
2000-06-16,1145.6108466923065
2000-06-17,1030.8425447497461
2000-06-18,984.8752485500434
2000-06-19,843.5760492309684
2000-06-20,897.4422030214298
2000-06-21,862.5407634854296
2000-06-22,875.8691029173283
2000-06-23,830.670466671848
2000-06-24,710.447308817572
2000-06-25,819.4370632883501
2000-06-26,694.2729194926495
2000-06-27,736.5235936059115
2000-06-28,929.0715451682844
2000-06-29,932.6070151050753
2000-06-30,772.622981545267
2000-07-01,858.0524758960452
2000-07-02,809.6212510937492
2000-07-03,652.2530969739258
2000-07-04,556.416108354946
2000-07-05,452.24338718589854
2000-07-06,364.2395565295171
2000-07-07,248.82239998503925
2000-07-08,253.55420074338187
2000-07-09,544.1488584139742
2000-07-10,742.1092847157148
2000-07-11,807.171899408998
2000-07-12,943.9783732671497
2000-07-13,767.0354292719729
2000-07-14,942.5886162014073
2000-07-15,921.2552088125418
2000-07-16,912.8707167289532
2000-07-17,839.8329705138757
2000-07-18,861.2013506107955
2000-07-19,820.5584476509158
2000-07-20,1005.4356367414653
2000-07-21,994.4961057951328
2000-07-22,1028.0358000484166
2000-07-23,1034.0688361584205
2000-07-24,1007.9105542651887
2000-07-25,860.149349518673
2000-07-26,782.6161445380701
2000-07-27,642.8071562821767
2000-07-28,642.8071562821768
2000-07-29,613.5569783478841
2000-07-30,613.5569783478842
2000-07-31,701.1765255752238
2000-08-01,608.7854958209001
2000-08-02,589.5791360219399
2000-08-03,458.97790628685055
2000-08-04,545.0782508458549
2000-08-05,488.0810159539191
2000-08-06,496.53112919146895
2000-08-07,698.4160147807628
2000-08-08,651.1548131860823
2000-08-09,898.0413785137633
2000-08-10,858.6412084563042
2000-08-11,957.8659876464566
2000-08-12,775.9132281856596
2000-08-13,832.5386703080043
2000-08-14,986.5245973603692
2000-08-15,1192.1769068821598
2000-08-16,1238.2769310482786
2000-08-17,1205.4228971767268
2000-08-18,1514.5871931141685
2000-08-19,2008.6990080703304
2000-08-20,2361.1584926214177
2000-08-21,2230.670794315108
2000-08-22,2179.119865135917
2000-08-23,2203.6417686876725
2000-08-24,2181.3937901126337
2000-08-25,2016.6416085532512
2000-08-26,1913.5596573879543
2000-08-27,1691.144986700098
2000-08-28,1557.9359383341086
2000-08-29,1319.9022630628212
2000-08-30,1243.9005801284743
2000-08-31,1583.6919686253918
2000-09-01,1483.9314174619408
2000-09-02,1498.453245763704
2000-09-03,1555.7512316111079
2000-09-04,1592.728139175969
2000-09-05,1663.0357578831322
2000-09-06,1685.3100056168541
2000-09-07,1471.9497259224936
2000-09-08,1410.3315751271552
2000-09-09,1400.129045093857
2000-09-10,1403.6813049980622
2000-09-11,1391.8646173538157
2000-09-12,1289.0215993037116
2000-09-13,1289.0215993037116
2000-09-14,1093.8477427278042
2000-09-15,1080.4819630553106
2000-09-16,932.4554846231454
2000-09-17,748.8951573703345
2000-09-18,748.8951573703345
2000-09-19,709.2875893390474
2000-09-20,693.2770621634825
2000-09-21,573.5423161942357
2000-09-22,731.1118465422396
2000-09-23,667.6296203930463
2000-09-24,509.46351407614713
2000-09-25,509.63939376544386
2000-09-26,438.1813234551989
2000-09-27,534.9507226614897
2000-09-28,451.8245071703596
2000-09-29,549.5585778704922
2000-09-30,539.4350396005698
2000-10-01,421.4039060734591
2000-10-02,382.480674500608
2000-10-03,288.7044629022113
2000-10-04,189.07705766098704
2000-10-05,317.1053303716913
2000-10-06,202.43742846742083
2000-10-07,274.280188771692
2000-10-08,226.75874190776804
2000-10-09,254.24370260189156
2000-10-10,246.78361712791735
2000-10-11,269.197346378302
2000-10-12,318.58660071911277
2000-10-13,249.6230912800107
2000-10-14,326.7763850197973
2000-10-15,305.85177762341226
2000-10-16,340.8784728121129
2000-10-17,329.1138371501308
2000-10-18,330.71391856869803
2000-10-19,312.1449187567142
2000-10-20,313.8809283452412
2000-10-21,304.91333947720693
2000-10-22,314.4222144389273
2000-10-23,308.357748588705
2000-10-24,310.41629355880934
2000-10-25,394.94084516333567
2000-10-26,401.5454731603417
2000-10-27,382.65014759688574
2000-10-28,382.6501475968857
2000-10-29,459.0690862285392
2000-10-30,459.0690862285392
2000-10-31,542.3642480590818
2000-11-01,479.1044415003433
2000-11-02,543.3506238398976
2000-11-03,475.9609718471
2000-11-04,536.3725531899019
2000-11-05,535.8927059717181
2000-11-06,584.2683832648204
2000-11-07,592.3729513581193
2000-11-08,570.6095477189587
2000-11-09,573.3988645531482
2000-11-10,545.9397310110193
2000-11-11,617.288291752884
2000-11-12,594.9343051237047
2000-11-13,629.4162707310318
2000-11-14,624.4793032922141
2000-11-15,531.3122879927325
2000-11-16,530.1469209720357
2000-11-17,540.6203238312147
2000-11-18,492.5227586921655
2000-11-19,530.5268582555891
2000-11-20,457.91384864384463
2000-11-21,521.0548103451612
2000-11-22,451.31355641941104
2000-11-23,448.4146527449975
2000-11-24,373.7217514233399
2000-11-25,403.12351186984927
2000-11-26,414.4366353455448
2000-11-27,411.3013074539365
2000-11-28,464.1084357388122
2000-11-29,384.0119919299057
2000-11-30,376.3491642456508
2000-12-01,346.1245393176237
2000-12-02,382.1506406380305
2000-12-03,499.6468536794925
2000-12-04,426.03547746483895
2000-12-05,480.8471340269841
2000-12-06,468.0584512007748
2000-12-07,472.5865653633026
2000-12-08,425.4210915498896
2000-12-09,363.6615853981585
2000-12-10,342.3047068160031
2000-12-11,384.5450549794062
2000-12-12,369.2831885166046
2000-12-13,448.92878891360874
2000-12-14,448.9287889136087
2000-12-15,493.91122343160635
2000-12-16,506.35433175967995
2000-12-17,592.1876886263594
2000-12-18,593.9212374780583
2000-12-19,644.6689609183742
2000-12-20,655.9631637724644
2000-12-21,767.7263557900956
2000-12-22,814.1561027630428
2000-12-23,714.1158666001693
2000-12-24,727.0331851975341
2000-12-25,661.1524421449611
2000-12-26,657.8939791124938
2000-12-27,644.7493570571668
2000-12-28,507.1434318805727
2000-12-29,582.3360393413735
2000-12-30,527.1013111720364
2000-12-31,561.1933933005779
2001-01-01,518.0151174490286
2001-01-02,559.8633717524987
2001-01-03,620.0070866296018
2001-01-04,635.5923594179925
2001-01-05,654.7459167109157
2001-01-06,616.5878069863435
2001-01-07,614.2009589324056
2001-01-08,538.493949782733
2001-01-09,552.6947282371722
2001-01-10,679.3549621177307
2001-01-11,655.8557824597073
2001-01-12,753.4177087112373
2001-01-13,607.2556594688041
2001-01-14,628.6602715380981
2001-01-15,518.7839592245017
2001-01-16,556.6816516574354
2001-01-17,609.9382787597782
2001-01-18,551.2452735087334
2001-01-19,572.2625255998853
2001-01-20,517.5262947113958
2001-01-21,611.7323521914974
2001-01-22,650.0768479004903
2001-01-23,617.4998418249696
2001-01-24,546.2433725223025
2001-01-25,607.0804418532466
2001-01-26,604.7768826301694
2001-01-27,637.2517474577196
2001-01-28,625.9003061701235
2001-01-29,774.390378105204
2001-01-30,790.1131696707533
2001-01-31,815.3345066827148
2001-02-01,748.9700086936735
2001-02-02,748.9700086936735
2001-02-03,777.6940178636014
2001-02-04,783.4547932132903
2001-02-05,652.1852693670436
2001-02-06,759.2388564898787
2001-02-07,770.4881657296626
2001-02-08,752.0027670168876
2001-02-09,723.1222640183427
2001-02-10,687.7832444087006
2001-02-11,709.4777047914265
2001-02-12,722.0263061007848
2001-02-13,733.7702900010238
2001-02-14,698.3293911884921
2001-02-15,590.4130063125137
2001-02-16,592.559832314395
2001-02-17,553.6266900699875
2001-02-18,495.45371427059223
2001-02-19,488.35425341205536
2001-02-20,439.72137872405375
2001-02-21,470.83536917991825
2001-02-22,417.5955793627081
2001-02-23,423.0351266684259
2001-02-24,452.327119932204
2001-02-25,458.2329535324992
2001-02-26,473.0499869836694
2001-02-27,419.2832487681955
2001-02-28,467.73890784110023
2001-03-01,383.453313054255
2001-03-02,368.9515326659782
2001-03-03,302.4982471261787
2001-03-04,586.1915717599998
2001-03-05,531.03581669664
2001-03-06,802.9567007420369
2001-03-07,998.2034477054793
2001-03-08,936.6601327543043
2001-03-09,868.7965348623267
2001-03-10,851.4603403013384
2001-03-11,788.8692888289779
2001-03-12,805.9894799652681
2001-03-13,677.9792774576645
2001-03-14,635.8773353024602
2001-03-15,501.9907822830523
2001-03-16,490.9066272004348
2001-03-17,401.15131316123086
2001-03-18,340.0206093573932
2001-03-19,340.0206093573932
2001-03-20,336.68858491865336
2001-03-21,373.4581365740737
2001-03-22,725.9590860474276
2001-03-23,724.2619538530654
2001-03-24,635.7039185037225
2001-03-25,801.2022529401843
2001-03-26,729.2535869604186
2001-03-27,592.4622050874314
2001-03-28,534.8555019137647
2001-03-29,409.98292446580143
2001-03-30,581.9602488504407
2001-03-31,526.8853455896865
2001-04-01,523.7022432047429
2001-04-02,505.37441992247574
2001-04-03,456.31386535555254
2001-04-04,368.0507353214244
2001-04-05,350.7809775046604
2001-04-06,288.7609078574141
2001-04-07,321.50939815087435
2001-04-08,284.18657136473524
2001-04-09,316.45477093118706
2001-04-10,259.23435258463627
2001-04-11,249.66510146786908
2001-04-12,292.87398435444845
2001-04-13,239.4082411051305
2001-04-14,287.0370188785464
2001-04-15,391.187304700894
2001-04-16,444.3864952682006
2001-04-17,375.833564176374
2001-04-18,445.92252931951543
2001-04-19,502.2084484806067
2001-04-20,647.0272325328108
2001-04-21,649.930477238696
2001-04-22,559.1011214282074
2001-04-23,584.0938611000124
2001-04-24,523.0512177834197
2001-04-25,471.89611201903307
2001-04-26,465.32506077534185
2001-04-27,400.52520693802654
2001-04-28,387.0439935426781
2001-04-29,396.50011094054463
2001-04-30,379.80599605714815
2001-05-01,381.8403553710633
2001-05-02,324.5205704366335
2001-05-03,381.3810513933315
2001-05-04,505.7796586352369
2001-05-05,505.77965863523696
2001-05-06,493.8205139010209
2001-05-07,530.187104456456
2001-05-08,454.33947856622626
2001-05-09,471.27139730505525
2001-05-10,513.4716376960553
2001-05-11,374.8020398141104
2001-05-12,408.45245176333145
2001-05-13,1150.7761771577607
2001-05-14,985.8189764540429
2001-05-15,805.7897064579871
2001-05-16,663.7191308158729
2001-05-17,541.8137310218219
2001-05-18,417.80807288441207
2001-05-19,409.32220341624014
2001-05-20,233.81108381880753
2001-05-21,256.88058889097493
2001-05-22,209.63015647372623
2001-05-23,253.41203339545424
2001-05-24,283.25736850047616
2001-05-25,257.5258023726136
2001-05-26,230.82755668885451
2001-05-27,360.7226551667162
2001-05-28,477.9007865639196
2001-05-29,615.1702144792384
2001-05-30,482.5669068293903
2001-05-31,432.43197670359035
2001-06-01,760.6738082982193
2001-06-02,671.2264993080321
2001-06-03,582.9462645874786
2001-06-04,799.1039561993147
2001-06-05,931.5897170194988
2001-06-06,1123.5316402778383
2001-06-07,1069.9656076782878
2001-06-08,798.6834502306957
2001-06-09,771.0714525748764
2001-06-10,708.6882039543372
2001-06-11,510.0869558055342
2001-06-12,478.19032893394973
2001-06-13,533.1612314795813
2001-06-14,513.3959910794892
2001-06-15,591.8382469271207
2001-06-16,657.5166265074979
2001-06-17,506.25988621287996
2001-06-18,586.6533810956483
2001-06-19,586.6533810956485
2001-06-20,924.0412515031086
2001-06-21,924.0412515031085
2001-06-22,1034.1385082114762
2001-06-23,1740.6169187739065
2001-06-24,2390.751016895549
2001-06-25,2869.017284120467
2001-06-26,2379.482873252496
2001-06-27,2289.608818564478
2001-06-28,2343.4100648733433
2001-06-29,2127.2377357706755
2001-06-30,2608.255555496517
2001-07-01,2752.0823391365316
2001-07-02,2779.288608227706
2001-07-03,2771.839476452124
2001-07-04,2164.7815781182967
2001-07-05,2508.9808446842753
2001-07-06,2606.3786832261494
2001-07-07,2558.0426991479812
2001-07-08,2251.072774065761
2001-07-09,2426.9720201993464
2001-07-10,2669.9739696793913
2001-07-11,2697.551533392033
2001-07-12,2688.4474084971976
2001-07-13,2544.9934795821987
2001-07-14,1943.716762922991
2001-07-15,1931.1990539969722
2001-07-16,1454.7421358134786
2001-07-17,1588.8055848042695
2001-07-18,2031.9683292419372
2001-07-19,2457.858198208955
2001-07-20,2661.5075860284805
2001-07-21,2529.7896862174766
2001-07-22,2101.2421324947313
2001-07-23,2380.4795085195797
2001-07-24,2358.592771164156
2001-07-25,2050.930303268799
2001-07-26,2215.047402802495
2001-07-27,2176.4494755387514
2001-07-28,2419.573012133024
2001-07-29,2496.0370619329265
2001-07-30,2552.6688147679647
2001-07-31,2571.5086528044235
2001-08-01,2212.9163885330145
2001-08-02,1843.3546908452206
2001-08-03,1843.3546908452208
2001-08-04,2003.905841012642
2001-08-05,2003.9058410126415
2001-08-06,1970.656308355668
2001-08-07,1970.6563083556678
2001-08-08,1713.9683626225592
2001-08-09,1604.6294562080818
2001-08-10,1069.9420603546462
2001-08-11,1282.0818969476638
2001-08-12,1266.3709650218416
2001-08-13,1231.6256097482983
2001-08-14,1231.6256097482983
2001-08-15,1208.3513838045735
2001-08-16,1170.6307244234752
2001-08-17,1461.2469480974253
2001-08-18,1115.2115973950079
2001-08-19,794.3157820202096
2001-08-20,910.3203561822462
2001-08-21,1205.058761459459
2001-08-22,1689.4122686221203
2001-08-23,1664.0336982856752
2001-08-24,1571.1060354748336
2001-08-25,1292.5666752246987
2001-08-26,1062.1323698536062
2001-08-27,1019.3632680259734
2001-08-28,1005.2252354376625
2001-08-29,702.616598816699
2001-08-30,477.606170630294
2001-08-31,439.6390530982312
2001-09-01,608.561526750453
2001-09-02,541.395216074902
2001-09-03,541.5226233364547
2001-09-04,527.1873342270447
2001-09-05,509.9303480114325
2001-09-06,363.1284724261855
2001-09-07,352.1812792185614
2001-09-08,367.0258446587474
2001-09-09,392.27201613424006
2001-09-10,298.9219265477876
2001-09-11,350.50106986692674
2001-09-12,346.36376175066965
2001-09-13,295.5807496580625
2001-09-14,375.4705187615258
2001-09-15,390.895554385376
2001-09-16,390.1013466034091
2001-09-17,482.63223399711313
2001-09-18,513.0639023781595
2001-09-19,521.2684222468127
2001-09-20,537.6964364581423
2001-09-21,593.8797896375914
2001-09-22,587.7878633352152
2001-09-23,456.83407831869135
2001-09-24,471.7751759636966
2001-09-25,538.0901396261597
2001-09-26,520.181472237387
2001-09-27,434.74123951419796
2001-09-28,353.02112811351964
2001-09-29,439.8840931732376
2001-09-30,573.1001773062421
2001-10-01,569.6625752136093
2001-10-02,559.7872519094627
2001-10-03,478.40818739472655
2001-10-04,396.45749978997304
2001-10-05,499.98072886429
2001-10-06,631.970579889106
2001-10-07,573.5079745445922
2001-10-08,464.2967604453512
2001-10-09,455.34702443989835
2001-10-10,393.9451817773323
2001-10-11,446.4768989962121
2001-10-12,425.5265019718332
2001-10-13,313.7964859293084
2001-10-14,292.5900573128625
2001-10-15,399.9661877931362
2001-10-16,431.2829390082349
2001-10-17,321.69045720054413
2001-10-18,354.3199529502266
2001-10-19,380.30079504415176
2001-10-20,348.92183459795183
2001-10-21,245.8353890322489
2001-10-22,268.15600536709024
2001-10-23,309.2698497242719
2001-10-24,296.8749775415856
2001-10-25,199.1133667790282
2001-10-26,253.21039610425817
2001-10-27,208.51478674706618
2001-10-28,262.6771720688824
2001-10-29,257.1734274532464
2001-10-30,282.8646922898322
2001-10-31,284.500299466806
2001-11-01,325.0365550240287
2001-11-02,371.8811297143148
2001-11-03,381.61122075033506
2001-11-04,382.60065900260946
2001-11-05,544.3695001817792
2001-11-06,528.5997704284043
2001-11-07,466.6356605802409
2001-11-08,648.6989285389022
2001-11-09,693.7110351639303
2001-11-10,618.4043502907454
2001-11-11,601.0124222369881
2001-11-12,742.7758458347328
2001-11-13,684.1138414734387
2001-11-14,581.4335404499612
2001-11-15,530.3105949942494
2001-11-16,551.3208779556971
2001-11-17,462.84652656289785
2001-11-18,458.4029321700657
2001-11-19,584.6337878672241
2001-11-20,609.1703964251584
2001-11-21,538.6838809538102
2001-11-22,484.31779635952984
2001-11-23,403.4053632605286
2001-11-24,455.1035074848738
2001-11-25,483.9506499534444
2001-11-26,357.3163522061558
2001-11-27,364.1553002413911
2001-11-28,361.96336491324274
2001-11-29,470.9097022457375
2001-11-30,390.55760866771607
2001-12-01,363.33286043154027
2001-12-02,431.7200153969344
2001-12-03,495.1578740816799
2001-12-04,480.84078542089344
2001-12-05,469.2180997426672
2001-12-06,467.1565978468838
2001-12-07,443.08979688584606
2001-12-08,445.2694040785692
2001-12-09,471.58221579894666
2001-12-10,397.08341406199963
2001-12-11,365.5851213723668
2001-12-12,393.5150229948928
2001-12-13,448.9251616946314
2001-12-14,423.28199206154693
2001-12-15,373.77563557444427
2001-12-16,388.75455168476304
2001-12-17,451.21984047064956
2001-12-18,457.88477197925795
2001-12-19,463.88416881439053
2001-12-20,466.860280865849
2001-12-21,468.13758885294305
2001-12-22,478.2855152321786
2001-12-23,574.6008643627797
2001-12-24,657.954082295531
2001-12-25,584.5076770830764
2001-12-26,590.1335359999093
2001-12-27,652.958548298672
2001-12-28,661.5332510426952
2001-12-29,642.8896060350087
2001-12-30,689.1429687486118
2001-12-31,735.0140431520049
2002-01-01,733.8755840529004
2002-01-02,730.7755486507062
2002-01-03,775.6577845110688
2002-01-04,816.4489077303094
2002-01-05,776.7920909811185
2002-01-06,671.5088460676565
2002-01-07,656.9246693153307
2002-01-08,621.927054884313
2002-01-09,552.2940909952795
2002-01-10,538.6724545220849
2002-01-11,550.8743305173598
2002-01-12,575.8532739727135
2002-01-13,647.15041805886
2002-01-14,599.890152014542
2002-01-15,612.7440359967155
2002-01-16,580.6990844645579
2002-01-17,533.6904434612622
2002-01-18,563.7364775638374
2002-01-19,538.2075571134679
2002-01-20,619.0001029951269
2002-01-21,575.6578801195386
2002-01-22,617.8757073304246
2002-01-23,711.554862614622
2002-01-24,920.3166308471593
2002-01-25,830.2740556494363
2002-01-26,781.531193633976
2002-01-27,784.2742599477127
2002-01-28,778.7176002643031
2002-01-29,631.922496691527
2002-01-30,687.702133241239
2002-01-31,612.1035724936652
2002-02-01,612.3743748890122
2002-02-02,640.6246038933392
2002-02-03,664.3884823212919
2002-02-04,782.4495047490656
2002-02-05,627.369328055634
2002-02-06,647.1905147167886
2002-02-07,623.9194140825626
2002-02-08,623.9194140825626
2002-02-09,745.4847309994193
2002-02-10,760.4848297356939
2002-02-11,718.9273080260745
2002-02-12,740.9210002731327
2002-02-13,755.1162351101134
2002-02-14,670.5690549380225
2002-02-15,676.7551626970849
2002-02-16,756.386956263311
2002-02-17,827.4744987251249
2002-02-18,797.9977414357285
2002-02-19,700.3727297616058
2002-02-20,701.2753366260289
2002-02-21,720.7720235054877
2002-02-22,640.5387312139808
2002-02-23,586.2336399719388
2002-02-24,642.8496007743515
2002-02-25,560.1267223811238
2002-02-26,469.3958636960698
2002-02-27,398.22397596466465
2002-02-28,376.58041603983264
2002-03-01,391.06301239752423
2002-03-02,339.1930046392229
2002-03-03,328.1226077642354
2002-03-04,345.44032311741984
2002-03-05,366.61572027606866
2002-03-06,267.1508641751758
2002-03-07,274.5448217027755
2002-03-08,278.08678699547903
2002-03-09,250.77495623136755
2002-03-10,218.34813928648074
2002-03-11,223.71705605045392
2002-03-12,248.42282366778647
2002-03-13,435.13228052401666
2002-03-14,348.48451334019217
2002-03-15,281.03178059758625
2002-03-16,299.8935300849251
2002-03-17,381.1844074044517
2002-03-18,293.39749439194674
2002-03-19,265.4667469228343
2002-03-20,236.42016197891752
2002-03-21,240.43191025862967
2002-03-22,328.46943719692086
2002-03-23,374.5690298986024
2002-03-24,356.79032642446737
2002-03-25,370.3010607090162
2002-03-26,479.73505462832935
2002-03-27,572.6731661521276
2002-03-28,558.593465935781
2002-03-29,449.5011319632494
2002-03-30,487.62782103672794
2002-03-31,497.65665793077835
2002-04-01,434.6687131227257
2002-04-02,412.3531994933982
2002-04-03,383.04221382013134
2002-04-04,356.80446468671073
2002-04-05,536.8592495608709
2002-04-06,543.9249843786154
2002-04-07,583.4607706630711
2002-04-08,507.90847468470173
2002-04-09,554.8363304538316
2002-04-10,537.7015848872182
2002-04-11,454.5129184093742
2002-04-12,386.8786438423085
2002-04-13,506.8356967621521
2002-04-14,485.7189795104542
2002-04-15,469.0303101620505
2002-04-16,454.2469391733824
2002-04-17,379.9307674683076
2002-04-18,438.4973798881656
2002-04-19,337.88466848670674
2002-04-20,316.7462533526561
2002-04-21,259.5667773436687
2002-04-22,446.11150649954016
2002-04-23,441.8982535847919
2002-04-24,349.48959390901865
2002-04-25,338.71580444656746
2002-04-26,380.1963833087341
2002-04-27,335.0634194377213
2002-04-28,320.64761265580216
2002-04-29,302.81053879890766
2002-04-30,478.49342390362557
2002-05-01,422.2059356782188
2002-05-02,363.26969479060557
2002-05-03,371.5926298810129
2002-05-04,430.02300052308243
2002-05-05,391.850958508253
2002-05-06,442.8321414147429
2002-05-07,390.1769370411116
2002-05-08,395.73076874019006
2002-05-09,482.2918481138878
2002-05-10,509.94007023476877
2002-05-11,493.1739197799353
2002-05-12,503.27322649109885
2002-05-13,513.5732895213263
2002-05-14,407.73035602450875
2002-05-15,347.8492560106366
2002-05-16,335.48074888073484
2002-05-17,325.3549417545224
2002-05-18,372.6596092815901
2002-05-19,382.36250275968854
2002-05-20,530.2810837918328
2002-05-21,549.0432289774287
2002-05-22,598.2260119734975
2002-05-23,539.1401596729148
2002-05-24,680.0381379935031
2002-05-25,792.5420075622009
2002-05-26,640.1465510110156
2002-05-27,638.7465035026037
2002-05-28,652.9291085766641
2002-05-29,690.131246348872
2002-05-30,536.012450504789
2002-05-31,535.1011306402534
2002-06-01,482.1032935112834
2002-06-02,465.01463379750277
2002-06-03,447.6426181370957
2002-06-04,420.08551942051616
2002-06-05,365.996371516845
2002-06-06,359.0325619843915
2002-06-07,317.29039375560643
2002-06-08,294.8234374001383
2002-06-09,282.0468926958277
2002-06-10,373.645479883369
2002-06-11,383.8614514926066
2002-06-12,344.000101897558
2002-06-13,488.0348850621673
2002-06-14,452.0416762604816
2002-06-15,351.6114426397486
2002-06-16,377.9130797869693
2002-06-17,774.9183935879724
2002-06-18,872.7824895897292
2002-06-19,1118.8560823437483
2002-06-20,969.7389301633617
2002-06-21,1061.1989661068958
2002-06-22,1204.5768563061497
2002-06-23,1122.2781545623395
2002-06-24,1055.1917005456392
2002-06-25,1053.3756665462204
2002-06-26,920.9076036897715
2002-06-27,926.8564324904436
2002-06-28,855.146833138529
2002-06-29,829.8193048527612
2002-06-30,693.9705473121451
2002-07-01,682.0460300892277
2002-07-02,867.4310092023428
2002-07-03,876.6855915390895
2002-07-04,1092.0516134107297
2002-07-05,1065.8549448046383
2002-07-06,962.277879295151
2002-07-07,892.0337939890696
2002-07-08,879.2705991564522
2002-07-09,750.3484734123866
2002-07-10,652.6133637897782
2002-07-11,555.8425024124465
2002-07-12,485.230663290488
2002-07-13,383.45092297481284
2002-07-14,428.8701206661067
2002-07-15,433.21576409512664
2002-07-16,808.1084590475749
2002-07-17,799.2200341453246
2002-07-18,734.9112128838996
2002-07-19,720.5291642477926
2002-07-20,874.6629952867642
2002-07-21,817.170704435504
2002-07-22,876.9174754474607
2002-07-23,831.2351669781572
2002-07-24,750.6309141271241
2002-07-25,685.6975224386402
2002-07-26,588.5038187261587
2002-07-27,516.0150172231182
2002-07-28,469.8469989175393
2002-07-29,425.32443444958955
2002-07-30,359.67276298223163
2002-07-31,364.79553261384865
2002-08-01,386.0374846617718
2002-08-02,408.7101278210158
2002-08-03,798.2316914096484
2002-08-04,740.1692312690606
2002-08-05,727.6279372975154
2002-08-06,875.6039406224102
2002-08-07,836.9630517188216
2002-08-08,851.6400149294494
2002-08-09,869.149344335074
2002-08-10,736.3603279866265
2002-08-11,744.0247620044004
2002-08-12,845.3956325394852
2002-08-13,851.1366127317725
2002-08-14,957.8977611139752
2002-08-15,839.8612588641863
2002-08-16,836.1379021293745
2002-08-17,951.0638834859154
2002-08-18,1169.6407854391148
2002-08-19,1266.2231451959194
2002-08-20,1282.8266219660477
2002-08-21,1467.2558421999513
2002-08-22,1409.6648611232513
2002-08-23,1206.5743228577583
2002-08-24,1404.3491361457084
2002-08-25,1468.7720304114357
2002-08-26,1386.0876207850908
2002-08-27,1307.2689393464093
2002-08-28,1393.6334501590454
2002-08-29,1212.3284713115481
2002-08-30,1206.5206196729637
2002-08-31,1302.160555433551
2002-09-01,1361.5254377882848
2002-09-02,1480.6810672461265
2002-09-03,2113.7855313451637
2002-09-04,2066.9524664594614
2002-09-05,1847.1867381468983
2002-09-06,1738.331513146657
2002-09-07,1675.010667384501
2002-09-08,1631.9508431024262
2002-09-09,1456.7368621913115
2002-09-10,1400.1123374076567
2002-09-11,1410.0833604100367
2002-09-12,1474.7555566908188
2002-09-13,1601.0391544008576
2002-09-14,1568.9637284910884
2002-09-15,1672.3947154508885
2002-09-16,1510.3423130215251
2002-09-17,1403.133823800584
2002-09-18,1335.0841033516692
2002-09-19,1102.234668066242
2002-09-20,847.6615386177065
2002-09-21,766.6581396955518
2002-09-22,876.5330008520723
2002-09-23,741.8327156681362
2002-09-24,693.8460389085242
2002-09-25,521.7149571308005
2002-09-26,517.3986288381877
2002-09-27,448.66229140619726
2002-09-28,399.49702457522784
2002-09-29,343.5501579340163
2002-09-30,243.37514304037919
2002-10-01,252.7629755703393
2002-10-02,289.78732175246563
2002-10-03,262.85790339427166
2002-10-04,339.5585331974812
2002-10-05,406.95153725694234
2002-10-06,378.4757093510198
2002-10-07,334.5650385732316
2002-10-08,336.7354226829367
2002-10-09,322.29829425920275
2002-10-10,308.854612281128
2002-10-11,348.4862713708891
2002-10-12,359.0288000992499
2002-10-13,289.6296458251843
2002-10-14,281.5578324474968
2002-10-15,282.77325305870244
2002-10-16,520.162290632066
2002-10-17,444.9152677482071
2002-10-18,359.25161594445507
2002-10-19,370.4277171388498
2002-10-20,327.2953916902961
2002-10-21,335.9650148525676
2002-10-22,315.0572052116492
2002-10-23,208.84408300710257
2002-10-24,257.9969429346908
2002-10-25,309.2411476292761
2002-10-26,260.2885223706083
2002-10-27,279.3076622228345
2002-10-28,310.08051569317763
2002-10-29,359.76950584926567
2002-10-30,288.060233694232
2002-10-31,269.85159466838394
2002-11-01,298.815049944522
2002-11-02,302.0960823746802
2002-11-03,313.88513442281095
2002-11-04,349.7698660288939
2002-11-05,375.55844193623113
2002-11-06,352.9777164862441
2002-11-07,309.0844073736426
2002-11-08,303.8818843553611
2002-11-09,307.2979801804517
2002-11-10,279.1823592129569
2002-11-11,193.70733587516767
2002-11-12,261.8627281010852
2002-11-13,276.826579095507
2002-11-14,225.48031609965028
2002-11-15,190.1311210764139
2002-11-16,239.68388704900084
2002-11-17,300.3084946981602
2002-11-18,304.6026539043991
2002-11-19,377.6657617153352
2002-11-20,398.63455745652493
2002-11-21,390.07827247810224
2002-11-22,456.9759833615607
2002-11-23,469.9805984357562
2002-11-24,435.3876390611491
2002-11-25,484.0441106152951
2002-11-26,536.6427196602
2002-11-27,503.34414301281186
2002-11-28,479.2374156712976
2002-11-29,559.3728619556962
2002-11-30,562.9675392289172
2002-12-01,536.0035381635331
2002-12-02,548.2830099909208
2002-12-03,580.0121594958624
2002-12-04,573.5480066064159
2002-12-05,572.9875513026018
2002-12-06,491.19196210996455
2002-12-07,454.0714923766508
2002-12-08,419.7438167949752
2002-12-09,417.4876888155366
2002-12-10,323.3135286937382
2002-12-11,330.62323723244043
2002-12-12,355.27185909632607
2002-12-13,315.4919754566162
2002-12-14,309.29307319951016
2002-12-15,341.702412887498
2002-12-16,425.4938909688175
2002-12-17,352.6965072871148
2002-12-18,360.4875680761162
2002-12-19,412.4943598450789
2002-12-20,419.89958944522755
2002-12-21,458.9917424280603
2002-12-22,343.8427547040228
2002-12-23,374.18792058939954
2002-12-24,400.55643052753993
2002-12-25,361.7993141746672
2002-12-26,372.3463507880448
2002-12-27,412.5978199563315
2002-12-28,475.92161161385644
2002-12-29,407.08006889236754
2002-12-30,422.4959478857587
2002-12-31,353.7500479933393
2003-01-01,367.8403271746159
2003-01-02,374.3939394327644
2003-01-03,344.86794548927264
2003-01-04,358.3252668431599
2003-01-05,360.2669132396064
2003-01-06,466.954507285492
2003-01-07,487.4991454471598
2003-01-08,426.870297774701
2003-01-09,480.9926699908804
2003-01-10,482.32281232413095
2003-01-11,448.79908574269876
2003-01-12,526.8634635486972
2003-01-13,563.3953931102604
2003-01-14,514.4486126234556
2003-01-15,525.6870190348577
2003-01-16,549.6993655040122
2003-01-17,628.5910414507374
2003-01-18,599.2662879631027
2003-01-19,578.5887928547355
2003-01-20,582.8013364902168
2003-01-21,611.596631346939
2003-01-22,634.6720551948844
2003-01-23,542.3254734815674
2003-01-24,548.718584640515
2003-01-25,555.6358951654905
2003-01-26,538.90027397855
2003-01-27,454.5135946749036
2003-01-28,486.1716069085817
2003-01-29,489.0983030522524
2003-01-30,468.2402999862817
2003-01-31,439.4370516475296
2003-02-01,406.2232490459846
2003-02-02,350.21749604212545
2003-02-03,271.4198908928731
2003-02-04,239.44553637282715
2003-02-05,337.0494017406362
2003-02-06,366.57894693241315
2003-02-07,389.28832546251294
2003-02-08,302.62099107160145
2003-02-09,332.361491458192
2003-02-10,364.3635277010581
2003-02-11,429.86759215573977
2003-02-12,423.8608443942478
2003-02-13,443.25039671574666
2003-02-14,552.4806540819231
2003-02-15,511.20931401650824
2003-02-16,542.4268238004726
2003-02-17,576.1148840408645
2003-02-18,732.3595837776877
2003-02-19,705.8172158220938
2003-02-20,670.1577482788434
2003-02-21,599.5671137419081
2003-02-22,581.9626804176511
2003-02-23,582.0835910264003
2003-02-24,528.9045872550564
2003-02-25,461.8631471129373
2003-02-26,438.0047880601615
2003-02-27,457.18413137996913
2003-02-28,405.6508484781041
2003-03-01,397.1961927834334
2003-03-02,401.49331740079396
2003-03-03,387.33790090558614
2003-03-04,407.91066425971684
2003-03-05,511.1112456482339
2003-03-06,558.1356310558591
2003-03-07,519.3914332784631
2003-03-08,492.13028535322775
2003-03-09,536.3888218896967
2003-03-10,502.77226610087985
2003-03-11,427.1980901705458
2003-03-12,333.294320590493
2003-03-13,306.903173587164
2003-03-14,288.1302485797588
2003-03-15,274.0301067689118
2003-03-16,247.89457381489763
2003-03-17,294.727232972958
2003-03-18,333.00255855022203
2003-03-19,425.2817121088798
2003-03-20,410.7507261189366
2003-03-21,375.64275416794396
2003-03-22,402.9400480243468
2003-03-23,343.39625279489826
2003-03-24,321.69073860184767
2003-03-25,439.23550359763567
2003-03-26,388.132716517571
2003-03-27,322.2465015215728
2003-03-28,247.99518379290515
2003-03-29,246.2118788284448
2003-03-30,309.51392354431204
2003-03-31,327.17166271725824
2003-04-01,262.87981429163113
2003-04-02,284.28821571488226
2003-04-03,302.5617119896676
2003-04-04,244.74800859894995
2003-04-05,283.85449658211996
2003-04-06,286.9034485323475
2003-04-07,256.99335082583417
2003-04-08,238.9464852535813
2003-04-09,251.76527237031925
2003-04-10,258.4999429063516
2003-04-11,252.58621759251608
2003-04-12,278.30509056057474
2003-04-13,381.17885720332055
2003-04-14,343.97667251415453
2003-04-15,247.59238325489667
2003-04-16,291.3488712091385
2003-04-17,312.9001976823362
2003-04-18,282.6772300413589
2003-04-19,350.2248856554374
2003-04-20,352.3221693666073
2003-04-21,376.51987278717684
2003-04-22,359.5244015967964
2003-04-23,380.6892019410047
2003-04-24,323.05990487118464
2003-04-25,308.33684140130566
2003-04-26,335.23549520106207
2003-04-27,311.76440694024336
2003-04-28,300.4124337026613
2003-04-29,299.40516994549535
2003-04-30,347.09762363463267
2003-05-01,356.71943329754396
2003-05-02,355.2047531776672
2003-05-03,293.7384467788245
2003-05-04,307.87954087870156
2003-05-05,353.1584635214718
2003-05-06,349.5121915630104
2003-05-07,359.99226570114723
2003-05-08,310.30550398900124
2003-05-09,290.37982644820187
2003-05-10,305.0640225067887
2003-05-11,252.62113492317582
2003-05-12,198.07587061377845
2003-05-13,227.75577072195222
2003-05-14,299.67962102160345
2003-05-15,297.1032324381328
2003-05-16,221.5969450825059
2003-05-17,216.06456681263302
2003-05-18,270.1242891494263
2003-05-19,297.92625547789544
2003-05-20,305.8652725098522
2003-05-21,307.412010501702
2003-05-22,282.0017751499996
2003-05-23,261.6924703409975
2003-05-24,242.20887595478314
2003-05-25,181.72872984646196
2003-05-26,213.97643582469414
2003-05-27,243.9090350889101
2003-05-28,255.5341773691092
2003-05-29,286.7755863520297
2003-05-30,370.6282555413761
2003-05-31,372.9520496770329
2003-06-01,339.3966174177765
2003-06-02,366.2119073369315
2003-06-03,359.0765508513995
2003-06-04,352.3962237469094
2003-06-05,447.39835482146816
2003-06-06,504.5728178121959
2003-06-07,483.9645997666824
2003-06-08,433.1367619643845
2003-06-09,330.5011039503324
2003-06-10,325.6903662733892
2003-06-11,323.1146632818893
2003-06-12,422.5302189050229
2003-06-13,598.1555254012283
2003-06-14,635.0824406301
2003-06-15,641.2366615193444
2003-06-16,707.3971612557276
2003-06-17,670.2169522747455
2003-06-18,712.2613738968521
2003-06-19,779.9536205530052
2003-06-20,1065.1139976513405
2003-06-21,1175.418128050767
2003-06-22,1239.219492544185
2003-06-23,1411.9864075709904
2003-06-24,1444.1637002859545
2003-06-25,1511.7204730902438
2003-06-26,1342.6088482772825
2003-06-27,1511.7319139783153
2003-06-28,1325.5667015778672
2003-06-29,1230.9194294627582
2003-06-30,1173.485126235147
2003-07-01,1108.048630297939
2003-07-02,998.7541903858479
2003-07-03,773.1385276447083
2003-07-04,773.1193711606378
2003-07-05,636.8812442874951
2003-07-06,546.0293951218864
2003-07-07,495.94361126558675
2003-07-08,440.4277778972739
2003-07-09,424.1637561434337
2003-07-10,426.4284891817902
2003-07-11,423.8837502982228
2003-07-12,445.20814770833823
2003-07-13,509.76251216161035
2003-07-14,505.42532706600315
2003-07-15,470.0183411831116
2003-07-16,389.3379528219943
2003-07-17,294.5918920706501
2003-07-18,275.751154570311
2003-07-19,226.38372642496083
2003-07-20,443.50544905896135
2003-07-21,599.19991609608
2003-07-22,637.7066529914634
2003-07-23,661.713786711621
2003-07-24,895.1762566115436
2003-07-25,1000.7409833195877
2003-07-26,1069.7760880337169
2003-07-27,1630.4679216398479
2003-07-28,1701.1289234049716
2003-07-29,1727.1380308948146
2003-07-30,1900.1282364711326
2003-07-31,1723.1521985964512
2003-08-01,1852.0385635593855
2003-08-02,1874.420321989637
2003-08-03,2038.1115515768713
2003-08-04,2010.5017690710781
2003-08-05,2271.946849910048
2003-08-06,2213.044106077868
2003-08-07,2472.064323169425
2003-08-08,2319.804275187019
2003-08-09,2190.5885293973856
2003-08-10,1759.0818870110547
2003-08-11,1919.4052108118021
2003-08-12,1546.4932010301784
2003-08-13,1685.321513249608
2003-08-14,1737.503895226391
2003-08-15,1722.4321512214376
2003-08-16,1890.6675445727763
2003-08-17,1999.8240541116386
2003-08-18,1997.7600709834105
2003-08-19,1839.438017892215
2003-08-20,1827.8588829275875
2003-08-21,1676.2312360270003
2003-08-22,1697.7321679402767
2003-08-23,1432.9749648246711
2003-08-24,1509.8055726399593
2003-08-25,1471.0763812664954
2003-08-26,1475.1616124368857
2003-08-27,1599.5811240816743
2003-08-28,1861.0673868249003
2003-08-29,2223.730731557914
2003-08-30,2290.0119414601377
2003-08-31,2259.2001091734264
2003-09-01,1704.0414750878783
2003-09-02,1999.652021481943
2003-09-03,2126.671923450422
2003-09-04,2037.2234648510068
2003-09-05,1733.5899853737787
2003-09-06,1784.2580528956187
2003-09-07,1919.1217728794643
2003-09-08,1989.5045354352267
2003-09-09,1740.3874755463253
2003-09-10,1553.0485148936905
2003-09-11,1456.9688466211526
2003-09-12,1323.7852970473443
2003-09-13,985.0218141990703
2003-09-14,1124.7784607617543
2003-09-15,1277.7295503884848
2003-09-16,1149.0445396504301
2003-09-17,954.0201466245436
2003-09-18,891.1011197290314
2003-09-19,769.1976520930594
2003-09-20,849.6529759273485
2003-09-21,651.3070438196089
2003-09-22,543.3220528137717
2003-09-23,614.417498463028
2003-09-24,653.492182666004
2003-09-25,562.3817218123556
2003-09-26,510.05620297234634
2003-09-27,516.7652001549726
2003-09-28,532.3390312688956
2003-09-29,485.4477330736966
2003-09-30,574.2691024854863
2003-10-01,676.1427643405757
2003-10-02,649.1348661755283
2003-10-03,534.2118077034672
2003-10-04,522.1699221344288
2003-10-05,578.5835168393987
2003-10-06,479.24581939093554
2003-10-07,412.61767401727303
2003-10-08,457.74596234640916
2003-10-09,528.765155340111
2003-10-10,565.0189766838402
2003-10-11,592.7327658124676
2003-10-12,610.1476347299023
2003-10-13,582.0692111200931
2003-10-14,720.3391056763805
2003-10-15,802.5348000388185
2003-10-16,779.3024001860305
2003-10-17,786.4590410534802
2003-10-18,689.2839659584185
2003-10-19,569.4033360228746
2003-10-20,587.780162556559
2003-10-21,440.5305511207358
2003-10-22,484.2540290624291
2003-10-23,435.7601739729555
2003-10-24,505.83718006762285
2003-10-25,642.5536166568711
2003-10-26,833.1793980682513
2003-10-27,834.4889737960415
2003-10-28,805.0849814367301
2003-10-29,893.7869445135889
2003-10-30,910.1329424872881
2003-10-31,873.78852313867
2003-11-01,776.6031954916398
2003-11-02,624.7053678593013
2003-11-03,644.7153179357722
2003-11-04,736.9920371431417
2003-11-05,572.1004764203147
2003-11-06,572.9431004401498
2003-11-07,619.3852894115834
2003-11-08,624.1902099433134
2003-11-09,578.9107609034176
2003-11-10,537.0566912994528
2003-11-11,540.0938115169942
2003-11-12,496.34084773293586
2003-11-13,431.9974267392155
2003-11-14,484.1486967217095
2003-11-15,447.3296161728378
2003-11-16,435.46934283057544
2003-11-17,466.65489519183603
2003-11-18,488.55695099493323
2003-11-19,523.0071548254098
2003-11-20,528.7907234746793
2003-11-21,579.5149000842896
2003-11-22,595.7551366125805
2003-11-23,747.7680848878789
2003-11-24,678.9185690722895
2003-11-25,638.3542541097767
2003-11-26,609.0432047277541
2003-11-27,612.9938603732273
2003-11-28,594.9990709949449
2003-11-29,546.1079825434132
2003-11-30,522.9920576046337
2003-12-01,487.9007200801296
2003-12-02,541.4045076691408
2003-12-03,609.8343828757542
2003-12-04,608.9446443842236
2003-12-05,638.8140625417583
2003-12-06,720.7267687583619
2003-12-07,695.8248046762072
2003-12-08,686.4136354146996
2003-12-09,711.4719136350913
2003-12-10,656.1586060890851
2003-12-11,634.6898627756411
2003-12-12,675.1464362754383
2003-12-13,678.1905991811491
2003-12-14,593.485797041898
2003-12-15,567.7768329390325
2003-12-16,645.7179412654941
2003-12-17,581.2506577259791
2003-12-18,626.6355384462239
2003-12-19,593.5062431078488
2003-12-20,549.7730555397549
2003-12-21,622.7443002612933
2003-12-22,632.3520852067425
2003-12-23,564.5467052419202
2003-12-24,551.8335616811902
2003-12-25,546.8980246457944
2003-12-26,555.1399427693574
2003-12-27,571.9658157289272
2003-12-28,630.0466415841016
2003-12-29,689.2804184441428
2003-12-30,649.8159843433436
2003-12-31,680.467721719769
2004-01-01,708.6859729758498
2004-01-02,744.6501379276766
2004-01-03,696.4264443022854
2004-01-04,690.7312395813315
2004-01-05,680.9163433742938
2004-01-06,606.4714149191004
2004-01-07,638.5409578910466
2004-01-08,604.5994969556172
2004-01-09,619.8185658204604
2004-01-10,606.7391158753056
2004-01-11,608.1751871550388
2004-01-12,638.5099769210195
2004-01-13,651.9169221176884
2004-01-14,648.8518544072789
2004-01-15,696.8489222243334
2004-01-16,782.344824263737
2004-01-17,770.5832624666311
2004-01-18,781.2320140333582
2004-01-19,860.1767742118147
2004-01-20,777.6071384536283
2004-01-21,721.5407377906492
2004-01-22,765.8084169678764
2004-01-23,701.1269527642247
2004-01-24,759.2535400768091
2004-01-25,768.3744289860116
2004-01-26,811.724546981821
2004-01-27,861.5963766161126
2004-01-28,774.6021631030854
2004-01-29,785.1290437323014
2004-01-30,819.7367599870186
2004-01-31,791.0287231344051
2004-02-01,776.2668547520755
2004-02-02,733.2064847363298
2004-02-03,789.0407355109234
2004-02-04,794.1470213002825
2004-02-05,722.1478578118634
2004-02-06,730.3188384342824
2004-02-07,749.2247090681291
2004-02-08,814.6062994691994
2004-02-09,804.5511671143527
2004-02-10,766.9102893760288
2004-02-11,756.08967414751
2004-02-12,759.3062136376632
2004-02-13,638.8704764662697
2004-02-14,622.6656189635158
2004-02-15,664.7022240865898
2004-02-16,651.3227161546272
2004-02-17,657.992614550031
2004-02-18,652.5421485012365
2004-02-19,627.8064640704902
2004-02-20,636.7879375391311
2004-02-21,644.819463446533
2004-02-22,626.0474079525782
2004-02-23,655.0448704775994
2004-02-24,706.1574592279674
2004-02-25,673.0344597893555
2004-02-26,703.7022329351679
2004-02-27,619.967262868893
2004-02-28,610.3138231119488
2004-02-29,546.208348991912
2004-03-01,570.3905553454334
2004-03-02,562.0419319408753
2004-03-03,534.9710602214157
2004-03-04,589.5954750834437
2004-03-05,602.7422418761619
2004-03-06,531.8623532276486
2004-03-07,593.8404779482536
2004-03-08,584.9516222940267
2004-03-09,557.2310060549962
2004-03-10,506.8031490285237
2004-03-11,525.4669395884213
2004-03-12,514.0889573555565
2004-03-13,527.9956943588463
2004-03-14,559.2849532304398
2004-03-15,590.5741497629162
2004-03-16,558.7732347420032
2004-03-17,563.3845620895007
2004-03-18,656.6872621645465
2004-03-19,649.0595712172477
2004-03-20,626.7818495437531
2004-03-21,606.17514068669
2004-03-22,605.1095313935222
2004-03-23,617.9868932191796
2004-03-24,595.0486552726487
2004-03-25,572.7509329952906
2004-03-26,509.64207224429197
2004-03-27,515.1979001054441
2004-03-28,520.5866629037437
2004-03-29,670.929234864652
2004-03-30,735.7991297695729
2004-03-31,649.563558618527
2004-04-01,463.4441451135783
2004-04-02,401.30128861311823
2004-04-03,351.0531192996154
2004-04-04,339.7257876681563
2004-04-05,290.2758008194218
2004-04-06,232.55398603371182
2004-04-07,283.44982823800876
2004-04-08,215.48197810340884
2004-04-09,227.5649464276439
2004-04-10,193.62245922627724
2004-04-11,253.22180850179043
2004-04-12,398.99538333056364
2004-04-13,415.9118029009997
2004-04-14,453.3224236843966
2004-04-15,447.4744161333385
2004-04-16,531.570433284032
2004-04-17,604.7572083259926
2004-04-18,569.0938159163095
2004-04-19,503.97759532942365
2004-04-20,445.6520840473707
2004-04-21,443.35542255713636
2004-04-22,440.6349917356021
2004-04-23,416.93636026367733
2004-04-24,395.964127453921
2004-04-25,671.5007943126286
2004-04-26,662.1320209290211
2004-04-27,586.1402673636687
2004-04-28,534.1419953420909
2004-04-29,568.9723596843666
2004-04-30,496.5795736359868
2004-05-01,473.57800491199606
2004-05-02,449.1322404742894
2004-05-03,379.75117280922035
2004-05-04,355.78197595298997
2004-05-05,307.20495910702596
2004-05-06,308.77705048422956
2004-05-07,307.53323791979295
2004-05-08,310.7779322055382
2004-05-09,314.3546443776777
2004-05-10,289.70266949629547
2004-05-11,268.95669853494144
2004-05-12,252.05217291955952
2004-05-13,253.31768645610728
2004-05-14,250.98647400215435
2004-05-15,253.98285310647594
2004-05-16,258.02281223841453
2004-05-17,303.47420459810877
2004-05-18,326.4321306950285
2004-05-19,265.8337094517315
2004-05-20,285.6875593830247
2004-05-21,308.18735655820905
2004-05-22,337.60367831630447
2004-05-23,311.0680417208113
2004-05-24,240.84911021186502
2004-05-25,231.97296896080047
2004-05-26,323.5375218062771
2004-05-27,301.54278311789705
2004-05-28,276.86021886381707
2004-05-29,272.90264736383125
2004-05-30,263.0487853058195
2004-05-31,257.7595003966518
2004-06-01,311.5689307505256
2004-06-02,370.23787730859266
2004-06-03,396.3029836584959
2004-06-04,349.53608466322004
2004-06-05,371.3825405891949
2004-06-06,375.2922324978978
2004-06-07,376.7980672389031
2004-06-08,330.16082419547485
2004-06-09,392.5107122032332
2004-06-10,391.7856494825555
2004-06-11,398.9193632317572
2004-06-12,487.94442238447095
2004-06-13,547.5936957974
2004-06-14,712.6242120470714
2004-06-15,842.9735753939449
2004-06-16,953.6689705241542
2004-06-17,854.8283054735901
2004-06-18,827.2582038143481
2004-06-19,839.1365330751862
2004-06-20,791.2848674286084
2004-06-21,632.4344710235473
2004-06-22,662.6840968439627
2004-06-23,585.2891279265674
2004-06-24,506.9619949987383
2004-06-25,463.27263543222244
2004-06-26,462.5539440194123
2004-06-27,529.6113625861371
2004-06-28,388.71944287225494
2004-06-29,477.0547116978677
2004-06-30,578.8579974611727
2004-07-01,667.8811808527119
2004-07-02,696.6900564459461
2004-07-03,663.9108267661679
2004-07-04,713.1874635614085
2004-07-05,711.068697296156
2004-07-06,750.409618989458
2004-07-07,968.8217436380764
2004-07-08,942.3803434080739
2004-07-09,879.2606630349014
2004-07-10,871.5504398107879
2004-07-11,607.2580323139017
2004-07-12,665.4178487062609
2004-07-13,641.5734615558806
2004-07-14,590.0719242679405
2004-07-15,449.9394485907647
2004-07-16,604.6260771245204
2004-07-17,897.5044413412503
2004-07-18,1087.4520848437337
2004-07-19,1193.8078042456145
2004-07-20,1172.8365046544102
2004-07-21,1291.4876492028548
2004-07-22,1260.4634643460683
2004-07-23,1083.35606813073
2004-07-24,981.4987916229438
2004-07-25,977.4722257512068
2004-07-26,1095.7369555759146
2004-07-27,1007.7667036115988
2004-07-28,1031.427038686012
2004-07-29,824.3961148937088
2004-07-30,1206.0373206744464
2004-07-31,1397.4754126616042
2004-08-01,1562.9060789433008
2004-08-02,1318.802885204127
2004-08-03,1501.575127582916
2004-08-04,1610.3311986378526
2004-08-05,1571.1764900051394
2004-08-06,1655.2461577253546
2004-08-07,1679.4005605294453
2004-08-08,1983.0975758807083
2004-08-09,2669.816311906883
2004-08-10,2243.0534615330375
2004-08-11,2116.4685747446806
2004-08-12,2458.0976483898758
2004-08-13,2559.700817414929
2004-08-14,2593.414430514297
2004-08-15,2542.7023675792498
2004-08-16,2590.9944838210895
2004-08-17,2322.5667128410396
2004-08-18,2239.475469790062
2004-08-19,1968.5639914208375
2004-08-20,1707.7011435929194
2004-08-21,1526.5550631764236
2004-08-22,1563.8987394954297
2004-08-23,1691.6799133636143
2004-08-24,1744.360943434421
2004-08-25,1940.921520681027
2004-08-26,1830.2445500665272
2004-08-27,1671.9731078550258
2004-08-28,1597.0252776054256
2004-08-29,1499.6167864235251
2004-08-30,1386.1850320763667
2004-08-31,1143.1380927096202
2004-09-01,970.2901604673516
2004-09-02,911.673923455065
2004-09-03,709.1920198005243
2004-09-04,601.7992264336415
2004-09-05,528.4998485042039
2004-09-06,465.3323496502339
2004-09-07,484.5063115006422
2004-09-08,561.489131257449
2004-09-09,485.3976021890805
2004-09-10,427.79020137933196
2004-09-11,345.76720364235973
2004-09-12,379.8209210493928
2004-09-13,387.6680355728949
2004-09-14,294.1467306924505
2004-09-15,385.6368903965299
2004-09-16,403.9085255690226
2004-09-17,404.13430156566454
2004-09-18,401.57942022861414
2004-09-19,355.8945084826368
2004-09-20,359.111029058732
2004-09-21,333.53705098937604
2004-09-22,290.44184140478797
2004-09-23,259.3821743190914
2004-09-24,226.62910357991666
2004-09-25,220.40649117303016
2004-09-26,299.05958044209484
2004-09-27,332.008799676532
2004-09-28,287.95255297395147
2004-09-29,401.94928453504536
2004-09-30,363.9827055537129
2004-10-01,442.7808266659702
2004-10-02,376.77381569470947
2004-10-03,316.40941485832525
2004-10-04,312.77370430544795
2004-10-05,432.91101686361077
2004-10-06,366.84015695988046
2004-10-07,351.56107227064894
2004-10-08,401.7034015108175
2004-10-09,336.3442317083981
2004-10-10,285.63509960052914
2004-10-11,243.7641186697674
2004-10-12,308.0031969286018
2004-10-13,285.80991705106135
2004-10-14,261.6509310278096
2004-10-15,215.7705689968479
2004-10-16,240.6268413143502
2004-10-17,318.50602724851126
2004-10-18,282.83009635883764
2004-10-19,334.6198375202665
2004-10-20,314.97803913866886
2004-10-21,306.2215192511402
2004-10-22,292.63031272560175
2004-10-23,371.5871647327527
2004-10-24,428.02891239317694
2004-10-25,347.71533707652446
2004-10-26,319.9721861145041
2004-10-27,328.6516120646254
2004-10-28,310.55699751987885
2004-10-29,339.94084824464136
2004-10-30,337.5146871873439
2004-10-31,369.7583376418152
2004-11-01,305.296806572743
2004-11-02,376.2493666594539
2004-11-03,467.3055549331492
2004-11-04,499.3919088796946
2004-11-05,494.5075666437594
2004-11-06,496.1749488256479
2004-11-07,472.0476036674097
2004-11-08,434.648725092832
2004-11-09,592.9526978956868
2004-11-10,557.8748276340991
2004-11-11,490.66338314979566
2004-11-12,422.84411276934617
2004-11-13,540.8838225672183
2004-11-14,554.7668929869789
2004-11-15,525.2286593485621
2004-11-16,410.89493125880654
2004-11-17,367.7726266275825
2004-11-18,371.1093619219254
2004-11-19,391.9543354716215
2004-11-20,309.70758944747996
2004-11-21,368.9611995903277
2004-11-22,372.52217531039304
2004-11-23,424.9492891113777
2004-11-24,458.5406222877384
2004-11-25,448.95493932755403
2004-11-26,447.4095971143217
2004-11-27,391.37411520012677
2004-11-28,410.1348567699593
2004-11-29,421.15575714113635
2004-11-30,419.89014050453653
2004-12-01,428.86666961712604
2004-12-02,444.8738815099236
2004-12-03,456.92949793996513
2004-12-04,393.80635135241215
2004-12-05,383.5687822551812
2004-12-06,395.707035615714
2004-12-07,460.76733468348635
2004-12-08,502.6745154185475
2004-12-09,470.5368969192394
2004-12-10,449.8987980534731
2004-12-11,461.1808034271072
2004-12-12,470.2386880692245
2004-12-13,437.86125299258146
2004-12-14,464.491415582683
2004-12-15,493.9831356751916
2004-12-16,516.6864640710315
2004-12-17,603.3401273481041
2004-12-18,613.7226657567471
2004-12-19,572.0191277322134
2004-12-20,607.2553794904886
2004-12-21,624.6344776678704
2004-12-22,592.7936018843982
2004-12-23,510.76205952090396
2004-12-24,530.5180723567611
2004-12-25,590.0081645632029
2004-12-26,617.2627567741857
2004-12-27,692.6652976474526
2004-12-28,741.2867388681619
2004-12-29,712.8358463649529
2004-12-30,693.2110181989542
2004-12-31,641.9897965284813
2005-01-01,633.3801034914575
2005-01-02,637.320809000292
2005-01-03,640.4258743738676
2005-01-04,625.6197698794344
2005-01-05,619.6719597495978
2005-01-06,631.5926671276196
2005-01-07,539.6586582763512
2005-01-08,575.5257729057223
2005-01-09,604.515051577372
2005-01-10,660.4636037512093
2005-01-11,651.4038851753642
2005-01-12,689.6700433208955
2005-01-13,710.2304705729907
2005-01-14,795.8759050582063
2005-01-15,751.3341872431762
2005-01-16,688.5737471041435
2005-01-17,670.5829030898486
2005-01-18,660.4258781570572
2005-01-19,665.7766075406661
2005-01-20,681.7426947187247
2005-01-21,657.14219164234
2005-01-22,672.3426571203172
2005-01-23,621.5217151055193
2005-01-24,597.8496555203404
2005-01-25,644.1966893008556
2005-01-26,545.1758366551945
2005-01-27,568.526358437422
2005-01-28,630.8716483841064
2005-01-29,543.930435490162
2005-01-30,536.8748674601442
2005-01-31,557.6074021007305
2005-02-01,593.9683940236539
2005-02-02,762.3298271499174
2005-02-03,890.977188723255
2005-02-04,1000.9907944790064
2005-02-05,998.8155214874446
2005-02-06,992.5081709666481
2005-02-07,963.6807179480282
2005-02-08,829.5362902145118
2005-02-09,768.5599091615202
2005-02-10,787.2316522263231
2005-02-11,780.5868971708422
2005-02-12,764.1789568298855
2005-02-13,781.301788240411
2005-02-14,788.7652197743841
2005-02-15,772.8397312649
2005-02-16,750.837409996075
2005-02-17,814.8733054193809
2005-02-18,784.3287728227011
2005-02-19,729.9217262840637
2005-02-20,745.8961277573441
2005-02-21,689.2658886942374
2005-02-22,593.4063811090383
2005-02-23,594.3584050528364
2005-02-24,515.4425370302996
2005-02-25,540.5590417991481
2005-02-26,551.8591554732136
2005-02-27,544.623829615622
2005-02-28,517.2263009563492
2005-03-01,452.40375527771397
2005-03-02,503.16339007164
2005-03-03,420.2527780280896
2005-03-04,424.290339458599
2005-03-05,344.02984014532746
2005-03-06,398.27423275449627
2005-03-07,450.92937089904757
2005-03-08,391.5693200038974
2005-03-09,363.7590355911519
2005-03-10,426.69866956818294
2005-03-11,431.67344105895205
2005-03-12,320.97150533277596
2005-03-13,343.9119130987735
2005-03-14,359.2840202329704
2005-03-15,402.4792838179011
2005-03-16,459.59097794533824
2005-03-17,443.4387582971914
2005-03-18,456.43768422215015
2005-03-19,391.29857578355035
2005-03-20,459.8572741627335
2005-03-21,478.8464574781961
2005-03-22,475.85171768737206
2005-03-23,497.6180891801727
2005-03-24,532.5246539099198
2005-03-25,528.4701746398301
2005-03-26,566.8965701655985
2005-03-27,554.2553456685715
2005-03-28,527.4017904167326
2005-03-29,499.2016354702766
2005-03-30,487.0808175377142
2005-03-31,446.86034380404396
2005-04-01,437.61007750665584
2005-04-02,403.30082471912755
2005-04-03,440.4412697857234
2005-04-04,466.86526317119467
2005-04-05,459.49332527067344
2005-04-06,441.56149244142017
2005-04-07,454.8643204171099
2005-04-08,419.7468901087103
2005-04-09,331.6654149174498
2005-04-10,357.00220947315194
2005-04-11,346.17635526689435
2005-04-12,383.4453292443264
2005-04-13,361.6783770769485
2005-04-14,341.0039045507086
2005-04-15,326.27951183998624
2005-04-16,342.4647120445424
2005-04-17,324.2118020987627
2005-04-18,221.9886185689597
2005-04-19,206.1592332238822
2005-04-20,243.8877418899111
2005-04-21,269.62581772409806
2005-04-22,219.4036845552668
2005-04-23,256.463596585996
2005-04-24,290.0497941314453
2005-04-25,241.41802957210507
2005-04-26,295.0921630165859
2005-04-27,280.60336079323076
2005-04-28,310.86815223206804
2005-04-29,294.0478005248278
2005-04-30,258.08306030981265
2005-05-01,337.29959918461014
2005-05-02,372.78168498269554
2005-05-03,442.40769781598425
2005-05-04,552.8909893703897
2005-05-05,514.8077438769252
2005-05-06,527.0891086301557
2005-05-07,486.6225948936245
2005-05-08,442.8551307285943
2005-05-09,354.3398159529222
2005-05-10,400.55137840848107
2005-05-11,472.6427734029885
2005-05-12,455.5778847711112
2005-05-13,423.69166546664786
2005-05-14,498.7748204940832
2005-05-15,542.5405915846405
2005-05-16,535.148666901872
2005-05-17,569.3644833061759
2005-05-18,553.2060817686223
2005-05-19,546.3616190718235
2005-05-20,425.28440025402335
2005-05-21,396.0766574618084
2005-05-22,416.6776381507727
2005-05-23,415.6407989960991
2005-05-24,405.5977276793705
2005-05-25,398.1969180590954
2005-05-26,381.80063379311395
2005-05-27,352.86034183523424
2005-05-28,372.3440571584718
2005-05-29,441.6950983098816
2005-05-30,361.5091386070608
2005-05-31,276.5938665778945
2005-06-01,353.66989719814177
2005-06-02,313.2178255303236
2005-06-03,268.42120833301385
2005-06-04,291.2893640272201
2005-06-05,222.74641015973006
2005-06-06,227.43753442105537
2005-06-07,273.5172141528815
2005-06-08,237.17384463153445
2005-06-09,163.06295979941987
2005-06-10,199.65071229457735
2005-06-11,231.75882663742206
2005-06-12,239.2374409282201
2005-06-13,217.31826050555955
2005-06-14,276.5681700032663
2005-06-15,242.8246148787195
2005-06-16,287.31261367853904
2005-06-17,298.4238975876688
2005-06-18,320.326821684041
2005-06-19,658.7747008300926
2005-06-20,742.1865295765456
2005-06-21,678.7946434846322
2005-06-22,553.3923316198413
2005-06-23,561.9283659346844
2005-06-24,468.5090585463239
2005-06-25,435.593923723264
2005-06-26,399.66408638298253
2005-06-27,432.1919611479358
2005-06-28,563.4536483805723
2005-06-29,858.499643716607
2005-06-30,1783.4328292504313
2005-07-01,1955.3428697289519
2005-07-02,2328.6730353010134
2005-07-03,2579.403491480436
2005-07-04,2590.473339872653
2005-07-05,2551.2197353306183
2005-07-06,2290.8039657614877
2005-07-07,2855.325940136135
2005-07-08,2537.1433028437336
2005-07-09,2120.5374120098527
2005-07-10,2022.505735459676
2005-07-11,2002.8046074360643
2005-07-12,1814.4154162538805
2005-07-13,1878.803262128704
2005-07-14,1652.6677927294497
2005-07-15,1830.112889124663
2005-07-16,2129.190983062155
2005-07-17,2212.752880897698
2005-07-18,2129.903528324349
2005-07-19,2048.8743440904814
2005-07-20,1809.319376753677
2005-07-21,1869.7888624791785
2005-07-22,2059.164162908754
2005-07-23,2042.5503627172538
2005-07-24,2058.4034794287404
2005-07-25,2062.8741732108915
2005-07-26,2301.8309748959605
2005-07-27,2372.8249682628425
2005-07-28,2494.6563771625197
2005-07-29,2032.5978170952135
2005-07-30,1909.4444608182073
2005-07-31,1981.5345244460182
2005-08-01,2494.1029967436466
2005-08-02,2512.09957348526
2005-08-03,2515.7865229849967
2005-08-04,2408.5871441671056
2005-08-05,2171.2109944933245
2005-08-06,2331.591673424463
2005-08-07,2323.7368524952312
2005-08-08,2606.8319060146296
2005-08-09,2728.0242446725233
2005-08-10,2717.0298166125394
2005-08-11,2665.3046876266076
2005-08-12,2605.3860777476875
2005-08-13,2471.300269396527
2005-08-14,2209.5273622190803
2005-08-15,2049.409033355127
2005-08-16,2024.5887332746202
2005-08-17,1822.93169827997
2005-08-18,1509.5057059484554
2005-08-19,1625.829611567213
2005-08-20,1668.8088658473032
2005-08-21,1676.3188973486847
2005-08-22,1817.6415901308164
2005-08-23,1896.0737921066839
2005-08-24,1644.1535321556016
2005-08-25,1713.4901592040585
2005-08-26,1765.0394931451942
2005-08-27,1644.5043012907709
2005-08-28,1438.0393484607155
2005-08-29,1252.515044452965
2005-08-30,1172.2093883605096
2005-08-31,1072.5876757909691
2005-09-01,934.357658584346
2005-09-02,724.2922704847679
2005-09-03,569.0769893071439
2005-09-04,502.2169648210554
2005-09-05,481.42194924879686
2005-09-06,426.402071712972
2005-09-07,448.43836515243675
2005-09-08,444.6630636882867
2005-09-09,458.0493556490923
2005-09-10,395.85104632004715
2005-09-11,420.347737076168
2005-09-12,428.589593439438
2005-09-13,418.44210184721965
2005-09-14,589.5417263598822
2005-09-15,802.3479729459477
2005-09-16,832.1717567768836
2005-09-17,833.3848319830425
2005-09-18,833.5309322940375
2005-09-19,963.9497518672221
2005-09-20,989.4146689753269
2005-09-21,836.3159089843792
2005-09-22,743.5403730004566
2005-09-23,794.8522867006851
2005-09-24,821.7803828976707
2005-09-25,909.6848697371471
2005-09-26,892.9648905200902
2005-09-27,761.7619205948895
2005-09-28,766.7702555139182
2005-09-29,799.9157877585939
2005-09-30,765.818623376629
2005-10-01,692.955544207721
2005-10-02,693.0249423959602
2005-10-03,658.202363459197
2005-10-04,561.3812326311639
2005-10-05,562.6580259850778
2005-10-06,548.4081581838528
2005-10-07,510.0468094942981
2005-10-08,499.2673863822105
2005-10-09,545.4939643440973
2005-10-10,503.4689187130245
2005-10-11,441.6786681232486
2005-10-12,472.88850614798076
2005-10-13,477.6039629405828
2005-10-14,497.36315622341687
2005-10-15,424.9812354921505
2005-10-16,388.36555839403087
2005-10-17,402.44679835167966
2005-10-18,461.9191910578945
2005-10-19,630.1915854565675
2005-10-20,520.297736027902
2005-10-21,584.3611190684176
2005-10-22,566.6591453488045
2005-10-23,535.9262588938246
2005-10-24,522.6679285886312
2005-10-25,535.1224265178125
2005-10-26,608.3004934019758
2005-10-27,602.9000291019374
2005-10-28,548.0170226038754
2005-10-29,541.4030208089187
2005-10-30,612.9266993997638
2005-10-31,616.8742868723809
2005-11-01,572.8846861406198
2005-11-02,593.2052405060609
2005-11-03,558.1129315477011
2005-11-04,527.1428861947038
2005-11-05,484.5629508624285
2005-11-06,508.9622792924982
2005-11-07,407.8675426622484
2005-11-08,424.16363187562536
2005-11-09,452.68851119062816
2005-11-10,503.49688643075865
2005-11-11,560.5921609233956
2005-11-12,620.1889042158824
2005-11-13,639.5996426807353
2005-11-14,622.1212219855585
2005-11-15,648.8091935362551
2005-11-16,714.71006825645
2005-11-17,693.9183227961207
2005-11-18,691.8563684919313
2005-11-19,803.9397616982338
2005-11-20,822.5156111704326
2005-11-21,751.5042037688416
2005-11-22,703.5596272168124
2005-11-23,827.3759447747642
2005-11-24,814.157623503913
2005-11-25,792.268767132705
2005-11-26,712.048554813008
2005-11-27,666.6814900713364
2005-11-28,585.6273042608743
2005-11-29,592.7397777738169
2005-11-30,486.29526417059685
2005-12-01,455.68418430837045
2005-12-02,480.64652461147017
2005-12-03,491.4652339441777
2005-12-04,487.0241751203371
2005-12-05,501.93852940538767
2005-12-06,593.1854636729778
2005-12-07,519.999893234398
2005-12-08,531.0134497822926
2005-12-09,548.2727114426161
2005-12-10,573.4413232246151
2005-12-11,612.3779870652893
2005-12-12,611.4357124995914
2005-12-13,690.8509155893703
2005-12-14,704.9603635448874
2005-12-15,672.8007898555435
2005-12-16,610.4350742166339
2005-12-17,610.7664254241455
2005-12-18,607.2953698392905
2005-12-19,660.8836647210716
2005-12-20,668.5841110084081
2005-12-21,588.1202571332681
2005-12-22,676.410795990938
2005-12-23,587.6459896290994
2005-12-24,584.3333266511756
2005-12-25,513.5991517232973
2005-12-26,447.22097087939454
2005-12-27,481.1155014812439
2005-12-28,521.731156890009
2005-12-29,527.9540448565266
2005-12-30,484.13975651540756
2005-12-31,512.568770382621
2006-01-01,544.688918088621
2006-01-02,592.9404212899484
2006-01-03,643.264577004284
2006-01-04,631.1012504704458
2006-01-05,633.4659093239437
2006-01-06,637.7344569475257
2006-01-07,728.9175954674236
2006-01-08,657.8434959759329
2006-01-09,663.9015832049024
2006-01-10,718.38217850046
2006-01-11,776.1416363944403
2006-01-12,792.3830059281622
2006-01-13,813.1447538579313
2006-01-14,765.8080090985042
2006-01-15,769.8692504716878
2006-01-16,797.4752049700772
2006-01-17,724.9054708709806
2006-01-18,723.0182545002615
2006-01-19,736.8801860124747
2006-01-20,732.1483642558837
2006-01-21,708.1617463568523
2006-01-22,655.609341248401
2006-01-23,660.5179957592837
2006-01-24,667.7889900638622
2006-01-25,630.0236653606942
2006-01-26,645.348932848049
2006-01-27,691.5715230961312
2006-01-28,774.2739278881547
2006-01-29,743.1841275511824
2006-01-30,773.6249077137219
2006-01-31,799.974103426992
2006-02-01,760.383417381162
2006-02-02,725.2729658154425
2006-02-03,735.7523915124849
2006-02-04,849.191163622389
2006-02-05,807.7030197271314
2006-02-06,806.0235868611851
2006-02-07,833.9319482320802
2006-02-08,969.5106235676351
2006-02-09,872.590798426441
2006-02-10,940.9430923584553
2006-02-11,928.6652770631707
2006-02-12,918.8407986041584
2006-02-13,921.1004942809661
2006-02-14,912.0105145047123
2006-02-15,869.7608411168807
2006-02-16,831.9618607753727
2006-02-17,824.1095486888204
2006-02-18,775.0420257082662
2006-02-19,738.3978042630347
2006-02-20,757.0680902744183
2006-02-21,767.4400354486025
2006-02-22,719.5478205208395
2006-02-23,710.389993944352
2006-02-24,764.6693347495716
2006-02-25,718.4720065897466
2006-02-26,702.5952276808417
2006-02-27,705.2649176989173
2006-02-28,684.6277566652617
2006-03-01,640.9116169222056
2006-03-02,656.9935596465839
2006-03-03,640.647211774777
2006-03-04,585.845493961598
2006-03-05,788.2140957144306
2006-03-06,613.7455742394517
2006-03-07,459.25074761509006
2006-03-08,447.95498415027816
2006-03-09,477.74326934817384
2006-03-10,442.48689859288044
2006-03-11,838.1767850572718
2006-03-12,754.0653429959198
2006-03-13,764.155068732047
2006-03-14,685.3089757609806
2006-03-15,633.6244332192709
2006-03-16,680.0315789358879
2006-03-17,692.2938320567473
2006-03-18,625.2748917039332
2006-03-19,587.3871081002626
2006-03-20,567.0767453208429
2006-03-21,556.7740754659385
2006-03-22,483.0428954073819
2006-03-23,457.50496418924234
2006-03-24,452.780486619696
2006-03-25,432.7448330221936
2006-03-26,454.85733661828954
2006-03-27,469.0388467335315
2006-03-28,468.0118725086422
2006-03-29,391.33299577995035
2006-03-30,531.938326551422
2006-03-31,493.81495360348794
2006-04-01,537.1926338063555
2006-04-02,547.3771905086812
2006-04-03,576.3953508357746
2006-04-04,543.3799781663454
2006-04-05,558.2156992358541
2006-04-06,637.2598223304066
2006-04-07,590.9910963380678
2006-04-08,524.2376115001811
2006-04-09,513.8392674014449
2006-04-10,554.9885599513208
2006-04-11,551.0957290970658
2006-04-12,586.2234946649095
2006-04-13,520.5815435519987
2006-04-14,635.8762756081323
2006-04-15,700.0440857228534
2006-04-16,863.7628985629945
2006-04-17,898.6266074100622
2006-04-18,903.2511008336468
2006-04-19,810.6625287152357
2006-04-20,739.5772274528379
2006-04-21,646.4469483937366
2006-04-22,593.3703285363838
2006-04-23,483.3796211763932
2006-04-24,484.3161357908545
2006-04-25,454.65410348862366
2006-04-26,465.86254023433656
2006-04-27,438.728339615777
2006-04-28,395.87969558366666
2006-04-29,610.1557170486191
2006-04-30,606.9308504610797
2006-05-01,537.6622128284191
2006-05-02,2329.7602855454707
2006-05-03,1908.614934955058
2006-05-04,1535.9857395546137
2006-05-05,1239.4930802707481
2006-05-06,985.2887314817732
2006-05-07,810.4359283607447
2006-05-08,659.257716770096
2006-05-09,341.8813989540328
2006-05-10,290.91111916915423
2006-05-11,277.9269595264301
2006-05-12,295.8993197449539
2006-05-13,330.602360695541
2006-05-14,301.6698882572244
2006-05-15,355.2707030726161
2006-05-16,335.76216291093635
2006-05-17,352.70655447706724
2006-05-18,346.6276611108219
2006-05-19,376.96930462131184
2006-05-20,363.48749649538246
2006-05-21,393.02616452822724
2006-05-22,358.6256729438082
2006-05-23,362.24722864384137
2006-05-24,543.7414533044653
2006-05-25,566.3344252766036
2006-05-26,405.4009227700185
2006-05-27,346.5841386838662
2006-05-28,863.0669930756604
2006-05-29,777.9630757737141
2006-05-30,660.8865836476443
2006-05-31,547.0818799855773
2006-06-01,499.19036450938336
2006-06-02,456.3175862694058
2006-06-03,390.37150341831637
2006-06-04,495.16972068473103
2006-06-05,707.9081645972319
2006-06-06,1256.4534139040932
2006-06-07,1309.8289803017403
2006-06-08,1306.875996961445
2006-06-09,1227.9075945251227
2006-06-10,1306.8379270427838
2006-06-11,1118.3123436463213
2006-06-12,984.8694810104273
2006-06-13,782.2039019321131
2006-06-14,653.2470339992564
2006-06-15,507.14420743403247
2006-06-16,479.8157469105076
2006-06-17,475.0122069538393
2006-06-18,468.94160573465246
2006-06-19,467.9211435545824
2006-06-20,475.1424703768215
2006-06-21,514.2931918532522
2006-06-22,553.8807715248818
2006-06-23,530.2858414339448
2006-06-24,459.5334034429425
2006-06-25,399.28287133330053
2006-06-26,884.6220956178369
2006-06-27,910.818197235444
2006-06-28,896.9457125513204
2006-06-29,754.8993755166207
2006-06-30,688.5791401240024
2006-07-01,633.7779431994119
2006-07-02,525.3522725948513
2006-07-03,461.966243004807
2006-07-04,466.6835816813529
2006-07-05,418.5973536046944
2006-07-06,485.86986207942175
2006-07-07,416.81135271762173
2006-07-08,448.96341905584075
2006-07-09,516.18287228969
2006-07-10,419.1275645007178
2006-07-11,417.93082035537583
2006-07-12,485.2107119722909
2006-07-13,413.6024559172409
2006-07-14,402.1995310921339
2006-07-15,397.3258095114157
2006-07-16,591.5182649340697
2006-07-17,700.3722706426872
2006-07-18,814.1112955291126
2006-07-19,918.6230143875266
2006-07-20,893.3132191156541
2006-07-21,764.8987800218935
2006-07-22,964.4445340385556
2006-07-23,1220.3826583546668
2006-07-24,1431.2003816194763
2006-07-25,1388.8612608410679
2006-07-26,1707.898975917013
2006-07-27,1599.1502243880307
2006-07-28,1809.762384665435
2006-07-29,1725.4360806403215
2006-07-30,1967.6464180391415
2006-07-31,2037.866399970275
2006-08-01,2202.9068492999368
2006-08-02,2246.829031242449
2006-08-03,2334.974393573379
2006-08-04,1996.983517685787
2006-08-05,2326.0870092719556
2006-08-06,2349.554031976735
2006-08-07,2363.9282372234375
2006-08-08,2310.8902486437673
2006-08-09,2240.683694835339
2006-08-10,2156.76544610457
2006-08-11,1964.3511561783837
2006-08-12,1660.6475382586495
2006-08-13,1755.4199834198373
2006-08-14,2249.5474628778793
2006-08-15,2464.756755756585
2006-08-16,2595.1515070965183
2006-08-17,2265.6528596864
2006-08-18,2284.474139126091
2006-08-19,2300.3822863858295
2006-08-20,2312.1123602917137
2006-08-21,1987.0401657301538
2006-08-22,1640.6696451801076
2006-08-23,1304.8141611467154
2006-08-24,1453.518184501551
2006-08-25,1430.3385935955066
2006-08-26,1440.8576833388174
2006-08-27,1411.3949052833962
2006-08-28,1300.885753696571
2006-08-29,1301.3424973127499
2006-08-30,1473.4296402424247
2006-08-31,1535.9201415135637
2006-09-01,1684.5074338621396
2006-09-02,1661.7812673922072
2006-09-03,1452.3234603966296
2006-09-04,1216.539593515123
2006-09-05,1254.061380117436
2006-09-06,1285.3907400738908
2006-09-07,1298.0738543494722
2006-09-08,1127.8299922743606
2006-09-09,1140.8812944998722
2006-09-10,1102.0417122710091
2006-09-11,969.0507078494092
2006-09-12,946.350905054939
2006-09-13,894.2354217541077
2006-09-14,831.1449218031179
2006-09-15,801.1816529856062
2006-09-16,635.9680347986101
2006-09-17,602.2953445206076
2006-09-18,604.6296504352009
2006-09-19,497.75228571230264
2006-09-20,477.8234103985241
2006-09-21,455.4887115822884
2006-09-22,483.868140908265
2006-09-23,393.93549498744505
2006-09-24,391.2901880596475
2006-09-25,406.1098902284441
2006-09-26,391.22045557378505
2006-09-27,381.0272080642081
2006-09-28,401.4406709137954
2006-09-29,466.70954977960326
2006-09-30,354.32893118306123
2006-10-01,371.923004489461
2006-10-02,368.63825870786303
2006-10-03,370.00786716161804
2006-10-04,348.1537637137028
2006-10-05,357.21727106926005
2006-10-06,377.53294458379924
2006-10-07,391.4147691385061
2006-10-08,452.7206217379279
2006-10-09,532.8619084864414
2006-10-10,492.62948867327833
2006-10-11,501.1760451369467
2006-10-12,535.5592912657438
2006-10-13,558.7353523243805
2006-10-14,521.5910246363809
2006-10-15,553.7166061847986
2006-10-16,580.4448051206308
2006-10-17,541.1437522441961
2006-10-18,424.01054413537145
2006-10-19,464.9278728886565
2006-10-20,501.98189057306917
2006-10-21,461.87139303053436
2006-10-22,469.27984196141574
2006-10-23,543.4845911576324
2006-10-24,545.4799759299094
2006-10-25,525.429034158604
2006-10-26,476.88167923260625
2006-10-27,450.09398344695086
2006-10-28,402.96582025685314
2006-10-29,368.91535398860503
2006-10-30,267.1298236914627
2006-10-31,327.5288851926016
2006-11-01,376.83763070411305
2006-11-02,358.42390296730855
2006-11-03,298.8607447557812
2006-11-04,316.0643916793909
2006-11-05,387.35487295554674
2006-11-06,367.7502802828172
2006-11-07,410.6876454452533
2006-11-08,398.7714837741915
2006-11-09,417.6252033877848
2006-11-10,364.6048892040911
2006-11-11,339.96944973497466
2006-11-12,370.8704231929268
2006-11-13,395.1942579316051
2006-11-14,409.66263192359577
2006-11-15,344.40622254229146
2006-11-16,384.0394930284068
2006-11-17,358.1052296206542
2006-11-18,295.946188797451
2006-11-19,338.7442795791636
2006-11-20,375.2643923045428
2006-11-21,331.6930075850368
2006-11-22,327.3530560106873
2006-11-23,356.78124572389584
2006-11-24,275.8186192524959
2006-11-25,307.2381999098208
2006-11-26,320.4574919832877
2006-11-27,377.7540389184246
2006-11-28,391.63395329129906
2006-11-29,364.56466753488576
2006-11-30,439.7484347944365
2006-12-01,483.0595412103644
2006-12-02,495.76843140644496
2006-12-03,530.0179151059667
2006-12-04,510.3183812201944
2006-12-05,503.25751828605667
2006-12-06,522.3255100941997
2006-12-07,548.4036787422535
2006-12-08,538.6798288202623
2006-12-09,512.9102066713671
2006-12-10,591.2055011290826
2006-12-11,563.2474794864213
2006-12-12,605.631210963124
2006-12-13,585.3355107369
2006-12-14,595.6583594288602
2006-12-15,591.5679034082452
2006-12-16,656.1617031030837
2006-12-17,561.2981227269053
2006-12-18,502.47652175328307
2006-12-19,519.5340133599644
2006-12-20,555.9368614267431
2006-12-21,452.58350502787505
2006-12-22,500.78283841627865
2006-12-23,515.4590404787401
2006-12-24,465.27479579055483
2006-12-25,501.14050936102717
2006-12-26,534.0059070204511
2006-12-27,554.0981445564552
2006-12-28,586.757047779872
2006-12-29,589.0213560370846
2006-12-30,630.5635557150235
2006-12-31,646.7348928681034
2007-01-01,606.4623182447821
2007-01-02,545.5337323958888
2007-01-03,593.3762340923798
2007-01-04,611.0691547584175
2007-01-05,559.9946294517665
2007-01-06,620.7326865545724
2007-01-07,665.6346531669595
2007-01-08,722.2514729785336
2007-01-09,675.0826332136986
2007-01-10,706.5090724316028
2007-01-11,698.5608343987161
2007-01-12,679.67402899057
2007-01-13,716.6097805010039
2007-01-14,743.7641018375091
2007-01-15,708.5361152593752
2007-01-16,679.8489760334073
2007-01-17,758.211078375042
2007-01-18,694.4125417482381
2007-01-19,705.2063743768774
2007-01-20,803.7799338644226
2007-01-21,813.7656444310769
2007-01-22,789.9351595777105
2007-01-23,789.1146812051466
2007-01-24,866.4463828181549
2007-01-25,879.1694192501946
2007-01-26,841.8671589393887
2007-01-27,844.3740999314596
2007-01-28,834.4664871274128
2007-01-29,812.0334718864384
2007-01-30,818.9832832573488
2007-01-31,764.8699336552268
2007-02-01,771.2591023466553
2007-02-02,787.3586492419141
2007-02-03,667.7032296384658
2007-02-04,635.4660327952458
2007-02-05,650.920855852594
2007-02-06,667.7820066265442
2007-02-07,628.2608177676117
2007-02-08,644.7326260261256
2007-02-09,628.4945342013463
2007-02-10,598.1412294572514
2007-02-11,609.3524709198995
2007-02-12,534.4051573544853
2007-02-13,941.9857611654932
2007-02-14,1299.1520170486044
2007-02-15,1437.0333893962654
2007-02-16,1415.739576677713
2007-02-17,1439.9089428627065
2007-02-18,1384.4837691644275
2007-02-19,1388.88476508782
2007-02-20,1291.0402533249546
2007-02-21,1126.9394762697598
2007-02-22,922.7193880193446
2007-02-23,866.7687566131482
2007-02-24,844.4931099949725
2007-02-25,748.275983086546
2007-02-26,605.1727742695255
2007-02-27,634.9029367011768
2007-02-28,625.8345511565598
2007-03-01,621.5838186221553
2007-03-02,647.6553017628586
2007-03-03,678.7062070951793
2007-03-04,697.7725027299059
2007-03-05,713.2606409626337
2007-03-06,726.5002805460717
2007-03-07,650.2974191474831
2007-03-08,545.2286333937254
2007-03-09,494.94775948942447
2007-03-10,483.26022523461336
2007-03-11,523.0983955114827
2007-03-12,474.90910682289035
2007-03-13,504.2728016384639
2007-03-14,514.2120453414884
2007-03-15,575.2654214967056
2007-03-16,557.8549155757594
2007-03-17,573.3328115280151
2007-03-18,543.129790419754
2007-03-19,544.3582580666135
2007-03-20,490.564897790713
2007-03-21,476.5394678195558
2007-03-22,417.7938390381133
2007-03-23,432.84375479746814
2007-03-24,431.57141076029006
2007-03-25,396.86608161768413
2007-03-26,444.5895884477373
2007-03-27,489.12315714823626
2007-03-28,445.3864238226862
2007-03-29,431.49351912746073
2007-03-30,441.97323020432145
2007-03-31,410.1846814289734
2007-04-01,348.65187175778095
2007-04-02,368.63511607862284
2007-04-03,337.51681251903955
2007-04-04,370.99852845074986
2007-04-05,381.7821856322862
2007-04-06,375.74261634103465
2007-04-07,690.7900594966442
2007-04-08,575.9687096983306
2007-04-09,548.6257378560539
2007-04-10,546.8847067719523
2007-04-11,535.5824903705537
2007-04-12,506.35328894376653
2007-04-13,512.3586235084197
2007-04-14,399.31860524429203
2007-04-15,355.70162956669225
2007-04-16,368.7367421790291
2007-04-17,323.8327881462159
2007-04-18,311.14807611884623
2007-04-19,254.86726877748592
2007-04-20,273.42956942079695
2007-04-21,288.91951297121585
2007-04-22,361.06152324546383
2007-04-23,435.07332369604154
2007-04-24,429.00849272641346
2007-04-25,428.76075530596546
2007-04-26,492.85290471139086
2007-04-27,551.394062447381
2007-04-28,508.18946117697595
2007-04-29,477.4126116884742
2007-04-30,425.1790453229272
2007-05-01,440.07608997943646
2007-05-02,390.2457297658257
2007-05-03,302.61241097802036
2007-05-04,490.1847158457517
2007-05-05,446.02915150200954
2007-05-06,464.03739103195176
2007-05-07,430.6497970984651
2007-05-08,498.30798007875615
2007-05-09,504.5732115665659
2007-05-10,442.59373224838873
2007-05-11,440.28859215606695
2007-05-12,331.8131036150755
2007-05-13,706.2681642068502
2007-05-14,691.7849310470373
2007-05-15,606.1715800400508
2007-05-16,556.3903111451298
2007-05-17,505.9402734249276
2007-05-18,545.2681483494737
2007-05-19,465.021990694564
2007-05-20,404.95181885288343
2007-05-21,381.0035942223735
2007-05-22,331.93951479074394
2007-05-23,331.58560215808694
2007-05-24,377.37966865985936
2007-05-25,413.23442934855717
2007-05-26,355.814054985926
2007-05-27,385.6462559657214
2007-05-28,365.18265920605864
2007-05-29,370.87075847774526
2007-05-30,390.34124091782104
2007-05-31,378.3710721830946
2007-06-01,344.557659822088
2007-06-02,350.35022262812043
2007-06-03,385.4623952785817
2007-06-04,342.1188400551981
2007-06-05,357.79708255876625
2007-06-06,395.8531344131936
2007-06-07,412.3798625426203
2007-06-08,351.0971765284004
2007-06-09,388.7357602915377
2007-06-10,369.1523049535501
2007-06-11,307.0427250855512
2007-06-12,233.27714387584106
2007-06-13,365.1771967927133
2007-06-14,325.42787848655865
2007-06-15,297.0110948830408
2007-06-16,316.8240492451192
2007-06-17,855.71310171273
2007-06-18,988.0743032949999
2007-06-19,1004.3923793641238
2007-06-20,828.7148962727786
2007-06-21,773.0877336214425
2007-06-22,786.6355419275363
2007-06-23,666.4358738096266
2007-06-24,674.5509787925597
2007-06-25,690.7252930044502
2007-06-26,707.0292229629999
2007-06-27,521.9746059134238
2007-06-28,503.4363849650216
2007-06-29,337.50192260666165
2007-06-30,710.7173640078606
2007-07-01,1005.8548043451141
2007-07-02,1074.3625471051516
2007-07-03,1040.5689901570797
2007-07-04,1095.7248626956698
2007-07-05,1088.804080740264
2007-07-06,927.6994776615478
2007-07-07,1115.7282565799453
2007-07-08,1111.1133843808561
2007-07-09,1205.3090713782428
2007-07-10,1169.7461205370037
2007-07-11,1101.2166223758275
2007-07-12,1128.9466957448062
2007-07-13,1158.1827445996248
2007-07-14,1253.9372734762335
2007-07-15,1258.7100266320065
2007-07-16,1512.6884591148876
2007-07-17,1597.4333308956363
2007-07-18,1751.813536206305
2007-07-19,1773.299738396084
2007-07-20,1616.878931114487
2007-07-21,1532.3310561848464
2007-07-22,1410.6499618498815
2007-07-23,1301.1488491575442
2007-07-24,1282.6984272328684
2007-07-25,1436.6142824012902
2007-07-26,1581.000822800914
2007-07-27,1602.8879802488643
2007-07-28,1878.5771723628939
2007-07-29,2256.0439639926694
2007-07-30,2409.90237286784
2007-07-31,2292.5310268648377
2007-08-01,2138.974485480608
2007-08-02,2193.174041506562
2007-08-03,2282.351394590428
2007-08-04,2318.4463809100207
2007-08-05,2418.1653192503536
2007-08-06,2159.73880952679
2007-08-07,1954.2101065447403
2007-08-08,2217.482353896494
2007-08-09,2487.465279572893
2007-08-10,2473.0191808549735
2007-08-11,2434.2146297240847
2007-08-12,2308.4625081866952
2007-08-13,2307.797299660156
2007-08-14,1778.6141608198063
2007-08-15,1966.6325996139424
2007-08-16,1974.1708386138926
2007-08-17,2020.6738463779652
2007-08-18,2018.1844068907387
2007-08-19,1787.1026387461231
2007-08-20,1978.2971144934927
2007-08-21,2218.088005968484
2007-08-22,2285.9224074804515
2007-08-23,1976.7859567816195
2007-08-24,1884.737964940756
2007-08-25,1798.3558651153369
2007-08-26,1742.8970134282004
2007-08-27,1673.6811742331015
2007-08-28,1608.1372588499935
2007-08-29,1472.6393213977958
2007-08-30,1481.0532105651346
2007-08-31,1263.776526976764
2007-09-01,1224.1820600313636
2007-09-02,1046.7676318059753
2007-09-03,927.5200883775019
2007-09-04,927.7309660372003
2007-09-05,894.6670851314176
2007-09-06,761.9880536705105
2007-09-07,875.6948671196795
2007-09-08,1084.612474678902
2007-09-09,1101.8962389053004
2007-09-10,1117.4647509713816
2007-09-11,1185.0976612122065
2007-09-12,1080.137943162801
2007-09-13,1120.536888843625
2007-09-14,965.5724306060798
2007-09-15,850.9890565940881
2007-09-16,747.749424300887
2007-09-17,687.2436318450168
2007-09-18,676.2729469524165
2007-09-19,628.1350048037707
2007-09-20,756.1199072260857
2007-09-21,779.4217885764275
2007-09-22,782.9132001216493
2007-09-23,710.904393097239
2007-09-24,696.5317407259429
2007-09-25,662.7109225546674
2007-09-26,607.7751569424499
2007-09-27,631.6157380435262
2007-09-28,769.3974368614913
2007-09-29,728.1113123395187
2007-09-30,673.1477137882604
2007-10-01,787.7549625783951
2007-10-02,694.9702613609287
2007-10-03,588.6378695304404
2007-10-04,616.7810627428366
2007-10-05,585.8380844485453
2007-10-06,510.1881018514435
2007-10-07,550.8402089334477
2007-10-08,496.5693775195499
2007-10-09,591.5947355267389
2007-10-10,523.5667981779038
2007-10-11,488.75425183904525
2007-10-12,432.86243432377137
2007-10-13,519.5556121068644
2007-10-14,453.8138599858374
2007-10-15,485.5124847025776
2007-10-16,480.89235782322754
2007-10-17,486.6997704603254
2007-10-18,505.28767885295525
2007-10-19,512.3507142945678
2007-10-20,472.3740844428731
2007-10-21,479.96085699480483
2007-10-22,515.0684563597052
2007-10-23,498.23512105495115
2007-10-24,493.5380788257975
2007-10-25,658.5656821382613
2007-10-26,674.993059535293
2007-10-27,630.7115430496096
2007-10-28,547.3022797783901
2007-10-29,508.62478789510305
2007-10-30,443.65306953287916
2007-10-31,415.5071778799547
2007-11-01,415.4600332208178
2007-11-02,525.5248308310719
2007-11-03,581.2423668515703
2007-11-04,568.2864232462402
2007-11-05,580.3754919553073
2007-11-06,602.0374198879023
2007-11-07,578.0633583294347
2007-11-08,592.6336857969048
2007-11-09,460.4580023661458
2007-11-10,513.8599605341001
2007-11-11,509.66663753158394
2007-11-12,501.58422054238036
2007-11-13,423.02496773083215
2007-11-14,468.32727870926055
2007-11-15,411.99521344076413
2007-11-16,437.872347555627
2007-11-17,417.5214118364874
2007-11-18,406.96888922762656
2007-11-19,482.23972510998965
2007-11-20,393.09594757388805
2007-11-21,422.37250697201944
2007-11-22,461.04713395389956
2007-11-23,495.1984860515606
2007-11-24,514.8538805631146
2007-11-25,506.0831048290554
2007-11-26,547.0407456580248
2007-11-27,578.3823166756559
2007-11-28,568.2840762885102
2007-11-29,557.3099778362593
2007-11-30,559.935034198672
2007-12-01,549.3319170944055
2007-12-02,537.3645089926665
2007-12-03,505.5391624943302
2007-12-04,510.3212823166808
2007-12-05,426.1615343587378
2007-12-06,469.40848719023967
2007-12-07,534.741713782302
2007-12-08,466.05933831934055
2007-12-09,438.2035123962432
2007-12-10,500.02585537072827
2007-12-11,535.8022355438959
2007-12-12,532.7879015708876
2007-12-13,588.1036017810038
2007-12-14,570.6208190753657
2007-12-15,511.3445014268826
2007-12-16,517.4014589741237
2007-12-17,582.7252480001945
2007-12-18,579.2568861051224
2007-12-19,594.2061005204464
2007-12-20,626.3109061695462
2007-12-21,641.0222196590059
2007-12-22,611.0501734963282
2007-12-23,632.7014504193094
2007-12-24,612.3552815052976
2007-12-25,581.676048356906
2007-12-26,594.4535835008587
2007-12-27,489.14826487274524
2007-12-28,493.47991066484366
2007-12-29,544.0639489332058
2007-12-30,563.7230733487864
2007-12-31,527.2758650521249
2008-01-01,557.1921645768831
2008-01-02,529.6106710605806
2008-01-03,526.3348059732608
2008-01-04,554.9882665812975
2008-01-05,535.5634022350866
2008-01-06,538.1831575878318
2008-01-07,468.32743689868727
2008-01-08,537.659781052448
2008-01-09,545.6077983680153
2008-01-10,559.2304196680305
2008-01-11,573.7228324755982
2008-01-12,602.6449387050167
2008-01-13,709.4575851851407
2008-01-14,785.9162662343402
2008-01-15,761.126024254005
2008-01-16,754.4298660322028
2008-01-17,737.5092422329348
2008-01-18,723.3075589419976
2008-01-19,691.5802894940057
2008-01-20,655.3312963417237
2008-01-21,641.7029624731284
2008-01-22,658.5726967481545
2008-01-23,620.423508569723
2008-01-24,608.938000727653
2008-01-25,768.7713885190368
2008-01-26,795.7811148330052
2008-01-27,875.8920168812206
2008-01-28,905.1715124601693
2008-01-29,864.8741893047385
2008-01-30,968.2565578789847
2008-01-31,936.6847529333154
2008-02-01,855.7131474125105
2008-02-02,876.9995058191766
2008-02-03,863.1780239513337
2008-02-04,836.7439188848334
2008-02-05,802.5243791321724
2008-02-06,781.9694847205711
2008-02-07,783.3117378431365
2008-02-08,671.2644322051808
2008-02-09,739.2010243041185
2008-02-10,855.7393033671693
2008-02-11,892.4435865951048
2008-02-12,871.813045370604
2008-02-13,795.8049936265327
2008-02-14,801.6628369822303
2008-02-15,858.650424171072
2008-02-16,884.4462668804907
2008-02-17,769.4345831957572
2008-02-18,784.0326361609783
2008-02-19,791.707479825919
2008-02-20,800.4791452990445
2008-02-21,763.8176142775314
2008-02-22,701.8255331852658
2008-02-23,670.9043560695334
2008-02-24,568.7874520186991
2008-02-25,611.2899217916072
2008-02-26,599.1553896754625
2008-02-27,639.3600463109352
2008-02-28,627.8126367367545
2008-02-29,652.4343962381589
2008-03-01,652.4444498718932
2008-03-02,697.5006684065605
2008-03-03,644.8731246215691
2008-03-04,547.3271639639956
2008-03-05,552.1331646185938
2008-03-06,608.4943735902795
2008-03-07,552.1282965777516
2008-03-08,555.3869526468743
2008-03-09,523.4581492015602
2008-03-10,502.30587584948074
2008-03-11,515.6469912108577
2008-03-12,477.95235911666424
2008-03-13,396.31317397482684
2008-03-14,474.99271574776714
2008-03-15,521.9536057972019
2008-03-16,489.8396248998684
2008-03-17,455.7318029667219
2008-03-18,420.34175967108223
2008-03-19,462.22880554129796
2008-03-20,471.95551653412616
2008-03-21,400.95090476547915
2008-03-22,445.27731506066874
2008-03-23,388.7283311969608
2008-03-24,458.9916073802988
2008-03-25,509.9057641344308
2008-03-26,455.48892259963463
2008-03-27,491.43498836981763
2008-03-28,469.7034500954788
2008-03-29,428.6710806975782
2008-03-30,421.90788802529767
2008-03-31,1423.4350802039137
2008-04-01,1159.2234879860441
2008-04-02,964.424844814522
2008-04-03,925.4446551342122
2008-04-04,783.2513450083147
2008-04-05,737.4676376292335
2008-04-06,711.3931157185725
2008-04-07,563.4417451659585
2008-04-08,611.3180206727527
2008-04-09,539.8583743288708
2008-04-10,439.31996561263577
2008-04-11,442.88584253978553
2008-04-12,380.21808692964186
2008-04-13,387.5738607551395
2008-04-14,353.76384494381165
2008-04-15,391.64991794625155
2008-04-16,448.0111893183469
2008-04-17,377.2796926185534
2008-04-18,370.92788323784663
2008-04-19,423.6718129794442
2008-04-20,439.05506699575045
2008-04-21,394.5139378740112
2008-04-22,414.09688000720723
2008-04-23,434.4638841966213
2008-04-24,473.6967495535487
2008-04-25,478.70069873184906
2008-04-26,416.7095121991639
2008-04-27,440.5138297442203
2008-04-28,415.639862247421
2008-04-29,432.05186722251864
2008-04-30,385.2608639572234
2008-05-01,410.6952500861143
2008-05-02,446.6946887166901
2008-05-03,466.1219533238251
2008-05-04,478.9252902722638
2008-05-05,484.82289975348027
2008-05-06,452.5535457527954
2008-05-07,352.37707854858326
2008-05-08,333.9759508413465
2008-05-09,374.9820008625133
2008-05-10,399.1993404035809
2008-05-11,376.9248478030762
2008-05-12,310.08580692604795
2008-05-13,364.3315382835306
2008-05-14,376.4516130952178
2008-05-15,340.25834145003756
2008-05-16,285.9110880270388
2008-05-17,319.9087397155196
2008-05-18,339.66901031063964
2008-05-19,283.2802557226504
2008-05-20,329.88940530473843
2008-05-21,343.3446102492392
2008-05-22,354.0873133029383
2008-05-23,314.15628284441385
2008-05-24,412.2379850945923
2008-05-25,521.9188612024476
2008-05-26,567.0670360633885
2008-05-27,572.4321315807392
2008-05-28,650.7280646560548
2008-05-29,554.8576168417978
2008-05-30,442.97537202322275
2008-05-31,582.1333500758482
2008-06-01,485.98788108097386
2008-06-02,437.691072294994
2008-06-03,385.01328650369874
2008-06-04,335.8719891884899
2008-06-05,304.75138705569816
2008-06-06,415.8125979485574
2008-06-07,428.2904636967524
2008-06-08,696.9429233683497
2008-06-09,712.3523123058334
2008-06-10,636.4750992017748
2008-06-11,572.4877753481564
2008-06-12,535.2076449258225
2008-06-13,529.916887849517
2008-06-14,789.4234111907265
2008-06-15,629.6051339390044
2008-06-16,568.5199589036965
2008-06-17,628.7935031498764
2008-06-18,605.4650269958237
2008-06-19,613.7594179887999
2008-06-20,629.5992286992223
2008-06-21,538.3000951497183
2008-06-22,469.9275892217235
2008-06-23,386.3284659428383
2008-06-24,564.5335478681587
2008-06-25,597.68903009294
2008-06-26,587.2450440130614
2008-06-27,637.4980101029216
2008-06-28,952.8698619761683
2008-06-29,979.062501703399
2008-06-30,1161.2514804015316
2008-07-01,1207.851936170839
2008-07-02,1327.3243281677208
2008-07-03,1283.8487978658957
2008-07-04,1266.43678999837
2008-07-05,1243.2946253984728
2008-07-06,1255.1969198162012
2008-07-07,1225.8827082006871
2008-07-08,1212.8896338416303
2008-07-09,1438.2065695430583
2008-07-10,1916.0186791870758
2008-07-11,2030.4841826045472
2008-07-12,1967.209926878124
2008-07-13,1868.9107052907302
2008-07-14,1778.3499582690706
2008-07-15,1476.5598263493073
2008-07-16,1538.2009213161052
2008-07-17,1587.1489368021928
2008-07-18,1567.8588923196676
2008-07-19,1678.1607490468514
2008-07-20,1798.975947269573
2008-07-21,1841.8743624170972
2008-07-22,1969.3330980905446
2008-07-23,1948.8804226865855
2008-07-24,1926.8266210260656
2008-07-25,1969.9024814318884
2008-07-26,1946.4497500077362
2008-07-27,2107.83696046024
2008-07-28,2166.3940677374108
2008-07-29,2040.163226482831
2008-07-30,2196.2915892861265
2008-07-31,2307.3025383675276
2008-08-01,2427.05604287397
2008-08-02,2334.7132217928056
2008-08-03,2352.314348531463
2008-08-04,2331.9676968276062
2008-08-05,2316.6813272446866
2008-08-06,2105.5487605745425
2008-08-07,2370.944762806249
2008-08-08,2235.283006044638
2008-08-09,2485.9953118424223
2008-08-10,2246.154950203997
2008-08-11,2305.3465951163
2008-08-12,2350.597798069988
2008-08-13,2169.466910082672
2008-08-14,1950.0028490510629
2008-08-15,1961.4130996169704
2008-08-16,2047.119886728633
2008-08-17,2098.030728259019
2008-08-18,1920.6726634388413
2008-08-19,1626.7825793128989
2008-08-20,1587.0538015659315
2008-08-21,1383.496131169392
2008-08-22,1588.756230140961
2008-08-23,1337.530124166103
2008-08-24,1366.430109301513
2008-08-25,1430.8496514077365
2008-08-26,1377.6535746056177
2008-08-27,1291.236440615171
2008-08-28,1227.6097429552492
2008-08-29,1214.4822995078619
2008-08-30,1128.0931343951497
2008-08-31,1032.280437425041
2008-09-01,817.4220557834037
2008-09-02,770.727533226238
2008-09-03,657.057194320639
2008-09-04,604.4618805932733
2008-09-05,497.10484639449095
2008-09-06,480.5746326920538
2008-09-07,443.73167226365587
2008-09-08,396.4303249502324
2008-09-09,322.14567432820047
2008-09-10,295.85008157763446
2008-09-11,332.4637712267364
2008-09-12,293.24587480101053
2008-09-13,275.1196106566914
2008-09-14,314.6001088641895
2008-09-15,335.9090048924977
2008-09-16,405.35827208293614
2008-09-17,607.7376859711927
2008-09-18,576.3508684142429
2008-09-19,592.7381727337873
2008-09-20,1137.1095788550574
2008-09-21,1153.6159938062608
2008-09-22,1167.9547317869958
2008-09-23,1089.8066781090736
2008-09-24,1180.7408893087186
2008-09-25,1096.5343173505087
2008-09-26,1044.5715937975756
2008-09-27,1085.4073787722186
2008-09-28,1030.8219988516275
2008-09-29,892.5849850607603
2008-09-30,783.5745288204284
2008-10-01,748.9877998856073
2008-10-02,676.3297927826301
2008-10-03,519.6811108911328
2008-10-04,428.8743281899316
2008-10-05,473.78909104124426
2008-10-06,427.98001426897736
2008-10-07,465.89059268563244
2008-10-08,395.7617904488635
2008-10-09,478.45008843050283
2008-10-10,461.29741275108023
2008-10-11,484.8876701806293
2008-10-12,411.4665968283455
2008-10-13,418.8320524159523
2008-10-14,421.17965714983205
2008-10-15,392.1978376942369
2008-10-16,378.909814397974
2008-10-17,348.25218166313687
2008-10-18,359.8656000412059
2008-10-19,280.5817984762857
2008-10-20,371.0261486539281
2008-10-21,372.37134986057754
2008-10-22,378.7402618992555
2008-10-23,373.85222516446
2008-10-24,436.30691253437783
2008-10-25,458.28679303360303
2008-10-26,435.5757626136272
2008-10-27,362.1612894174484
2008-10-28,411.73221245574155
2008-10-29,422.92813064340174
2008-10-30,425.5870130182319
2008-10-31,473.77889926243614
2008-11-01,519.2046234542734
2008-11-02,540.1810672510204
2008-11-03,556.0109082058085
2008-11-04,509.0559335694442
2008-11-05,588.1155827839245
2008-11-06,490.7674887114641
2008-11-07,482.8296205842483
2008-11-08,510.14036291407666
2008-11-09,487.17185791618397
2008-11-10,513.3050119909706
2008-11-11,569.3436618122896
2008-11-12,508.98509072446257
2008-11-13,464.85386651530115
2008-11-14,573.6086552861552
2008-11-15,548.7076900962761
2008-11-16,495.54403894929186
2008-11-17,429.4840776966273
2008-11-18,447.69989341247424
2008-11-19,487.4117421914522
2008-11-20,452.97630421647773
2008-11-21,397.47983684372156
2008-11-22,366.7366627332867
2008-11-23,488.8610579325569
2008-11-24,610.3852958075479
2008-11-25,548.2800563554501
2008-11-26,559.8038748788692
2008-11-27,580.5795110048181
2008-11-28,597.7070630767399
2008-11-29,503.3112874927
2008-11-30,483.2791773251624
2008-12-01,497.5558808053054
2008-12-02,497.7484291848946
2008-12-03,445.512914792089
2008-12-04,490.03381091667575
2008-12-05,524.3848187614358
2008-12-06,497.8219430551705
2008-12-07,570.1647483594227
2008-12-08,610.136701103195
2008-12-09,547.5464229324889
2008-12-10,460.1477850915099
2008-12-11,521.359913829468
2008-12-12,555.5595255261916
2008-12-13,482.7548487267486
2008-12-14,500.25658592676797
2008-12-15,534.9952760014886
2008-12-16,572.4108681979867
2008-12-17,586.7599134301331
2008-12-18,570.2620717754627
2008-12-19,600.2267875310656
2008-12-20,593.0995126417981
2008-12-21,574.5906097141843
2008-12-22,514.5378361236599
2008-12-23,490.6709684663691
2008-12-24,441.49053051554785
2008-12-25,521.7254391028503
2008-12-26,656.4416259724447
2008-12-27,655.4014204737016
2008-12-28,624.0661288535107
2008-12-29,646.875391113506
2008-12-30,634.5789811733457
2008-12-31,578.2538857179197
2009-01-01,622.8805734325957
2009-01-02,665.8987993110977
2009-01-03,650.9321618006765
2009-01-04,652.9528762104114
2009-01-05,645.7044555021586
2009-01-06,677.3446964015618
2009-01-07,661.0304319053215
2009-01-08,646.2737352520494
2009-01-09,592.4376800540998
2009-01-10,602.8837688446811
2009-01-11,706.1090601985627
2009-01-12,671.2894629653232
2009-01-13,691.3641266073801
2009-01-14,768.7109009086478
2009-01-15,810.9671160775354
2009-01-16,789.0734240350629
2009-01-17,805.882056480742
2009-01-18,805.4112401138613
2009-01-19,851.1388626290187
2009-01-20,869.1712271378896
2009-01-21,846.8921772661338
2009-01-22,904.6591507584834
2009-01-23,964.997914035549
2009-01-24,925.879826200341
2009-01-25,862.369261319853
2009-01-26,864.2754593482599
2009-01-27,935.3614883376815
2009-01-28,876.1509845227467
2009-01-29,875.6628916589781
2009-01-30,914.8124005435969
2009-01-31,820.2325209861311
2009-02-01,878.6717255063454
2009-02-02,890.8150872139943
2009-02-03,919.5320137457743
2009-02-04,853.7553160377885
2009-02-05,877.2137300240892
2009-02-06,794.636811543474
2009-02-07,857.3409779445911
2009-02-08,862.4303806130358
2009-02-09,823.9067991251255
2009-02-10,778.0205609934718
2009-02-11,783.1438778510724
2009-02-12,804.9358381831194
2009-02-13,775.1841575473999
2009-02-14,748.6093486993112
2009-02-15,680.7957725052357
2009-02-16,702.7625695644747
2009-02-17,650.3366730011088
2009-02-18,647.0430722466102
2009-02-19,707.1966107996018
2009-02-20,705.3696796294222
2009-02-21,705.1642422648496
2009-02-22,599.1623441949773
2009-02-23,570.9205800994887
2009-02-24,612.2877852326891
2009-02-25,614.6027001766968
2009-02-26,500.01250083676956
2009-02-27,534.6301766864832
2009-02-28,510.26136014686745
2009-03-01,485.3732948474191
2009-03-02,507.16687713769977
2009-03-03,446.48362913982277
2009-03-04,428.088316268384
2009-03-05,371.2134924298253
2009-03-06,369.6992988291192
2009-03-07,375.9256790672785
2009-03-08,377.6551395510388
2009-03-09,432.169379792868
2009-03-10,377.1226664431903
2009-03-11,420.4967425205172
2009-03-12,373.5950276591221
2009-03-13,305.70188820169085
2009-03-14,279.7566074294891
2009-03-15,281.93537548371717
2009-03-16,294.24921305525163
2009-03-17,273.321722882708
2009-03-18,378.4659873671303
2009-03-19,356.39839835510946
2009-03-20,443.584668834235
2009-03-21,437.2854909654961
2009-03-22,371.4644939159033
2009-03-23,367.9216948936959
2009-03-24,318.05147802284455
2009-03-25,345.83378551527244
2009-03-26,312.55901439809253
2009-03-27,345.2409314463354
2009-03-28,286.9034603374841
2009-03-29,313.95179056620896
2009-03-30,316.7068976071477
2009-03-31,265.2557130877783
2009-04-01,351.92283844162284
2009-04-02,324.1153288484575
2009-04-03,365.88572544264196
2009-04-04,352.5742728068943
2009-04-05,369.2503179541436
2009-04-06,366.6909477850314
2009-04-07,356.39308150942975
2009-04-08,348.5631530578005
2009-04-09,347.2449753937344
2009-04-10,392.1177119480371
2009-04-11,336.6899198718443
2009-04-12,396.8009870531001
2009-04-13,377.9848357439365
2009-04-14,332.9118389838682
2009-04-15,324.22726721709665
2009-04-16,300.28481967159496
2009-04-17,349.30312166602874
2009-04-18,338.47209481222825
2009-04-19,415.21351019734124
2009-04-20,354.86728399109353
2009-04-21,356.8873786934733
2009-04-22,317.94705233479283
2009-04-23,340.1526280317225
2009-04-24,353.8622880240325
2009-04-25,353.3173017212132
2009-04-26,388.02542634635427
2009-04-27,340.86158992037986
2009-04-28,419.13456921245864
2009-04-29,413.29590009826615
2009-04-30,344.781769081463
2009-05-01,304.02209723787746
2009-05-02,303.6486242225574
2009-05-03,305.68101596576355
2009-05-04,260.33078261517215
2009-05-05,296.93370162642333
2009-05-06,300.95715328378236
2009-05-07,333.4808439060276
2009-05-08,385.12629940279277
2009-05-09,382.1283929493822
2009-05-10,394.4086864675633
2009-05-11,356.1121531839067
2009-05-12,360.4312934396907
2009-05-13,347.7755321584033
2009-05-14,393.21135564976896
2009-05-15,338.1811416404803
2009-05-16,308.33694784380157
2009-05-17,302.75650912958486
2009-05-18,244.51267939786092
2009-05-19,287.77993054848014
2009-05-20,226.40553226105592
2009-05-21,202.34578004266908
2009-05-22,172.92102738459948
2009-05-23,174.80208379812188
2009-05-24,201.47187869263712
2009-05-25,170.77294831526027
2009-05-26,244.37938701870556
2009-05-27,231.85636956898935
2009-05-28,237.05474535701853
2009-05-29,166.47826516470838
2009-05-30,192.73006435001153
2009-05-31,234.035153297993
2009-06-01,209.06285781186259
2009-06-02,179.49367462008883
2009-06-03,236.15033981459814
2009-06-04,252.84573028343254
2009-06-05,244.89542362982422
2009-06-06,213.63498720060323
2009-06-07,240.2817627206925
2009-06-08,261.73612456139887
2009-06-09,243.04495987898954
2009-06-10,230.02297820663995
2009-06-11,235.09604132378422
2009-06-12,216.26663739513236
2009-06-13,204.82379066261802
2009-06-14,203.24704591833725
2009-06-15,215.63628404749065
2009-06-16,263.3032873937296
2009-06-17,274.4705150832109
2009-06-18,229.17610298652428
2009-06-19,234.62819381157223
2009-06-20,308.81997881487985
2009-06-21,286.144063114974
2009-06-22,295.6137435401053
2009-06-23,289.8559400821708
2009-06-24,245.5138362182319
2009-06-25,249.55752236312196
2009-06-26,212.60173505375053
2009-06-27,215.4026541804295
2009-06-28,197.97214000450862
2009-06-29,248.78566276403205
2009-06-30,467.2034470300537
2009-07-01,432.2507291861205
2009-07-02,869.1221873366992
2009-07-03,799.2632851759626
2009-07-04,926.2042657737385
2009-07-05,936.2490727609796
2009-07-06,884.317287931724
2009-07-07,1041.431060711191
2009-07-08,1086.333451882485
2009-07-09,940.6416815226692
2009-07-10,960.9877957695049
2009-07-11,952.4128417996315
2009-07-12,1674.1592566139866
2009-07-13,2388.225586548536
2009-07-14,2794.887673396015
2009-07-15,2841.978535324501
2009-07-16,3038.6454284562083
2009-07-17,3149.7551727035116
2009-07-18,3191.305894644716
2009-07-19,2924.008329644004
2009-07-20,3218.3340576813703
2009-07-21,3034.67078325731
2009-07-22,3332.5175024369373
2009-07-23,3232.228157372205
2009-07-24,3246.565278034326
2009-07-25,3152.9116297720625
2009-07-26,2883.0857998552274
2009-07-27,2473.5159191973216
2009-07-28,2311.7044591955046
2009-07-29,2272.639746985876
2009-07-30,2182.3108006273947
2009-07-31,2166.5607110876163
2009-08-01,2023.5155206544728
2009-08-02,1806.2640298217102
2009-08-03,1637.9416226181177
2009-08-04,1513.0620714672225
2009-08-05,1379.3585700260678
2009-08-06,1268.5568862596303
2009-08-07,1138.1070462800867
2009-08-08,995.3294207145221
2009-08-09,1012.0537034088243
2009-08-10,991.9937838558144
2009-08-11,957.3873463179917
2009-08-12,948.0429154675868
2009-08-13,1023.7777725243537
2009-08-14,952.5513884616134
2009-08-15,944.2037210023923
2009-08-16,905.3051714733983
2009-08-17,992.1413793747727
2009-08-18,1029.1610106071432
2009-08-19,985.1631981677014
2009-08-20,966.9405333171164
2009-08-21,997.9317547892437
2009-08-22,1073.8011072347317
2009-08-23,1242.2080363501116
2009-08-24,1271.589980232183
2009-08-25,1274.2080929090002
2009-08-26,1215.2391107980604
2009-08-27,1227.2180226272385
2009-08-28,1287.731282832761
2009-08-29,1300.215465775899
2009-08-30,1254.6601973254783
2009-08-31,1278.5583853885848
2009-09-01,1154.2348056705475
2009-09-02,984.0866790961709
2009-09-03,975.4094596159538
2009-09-04,1041.056084383446
2009-09-05,959.0317170811176
2009-09-06,889.736176255599
2009-09-07,806.7997673006789
2009-09-08,723.6153988987106
2009-09-09,721.7877844013711
2009-09-10,689.8233244216691
2009-09-11,664.1400905327179
2009-09-12,576.2475923583377
2009-09-13,578.110195389086
2009-09-14,526.6529780529917
2009-09-15,453.25475538841715
2009-09-16,508.5768470159078
2009-09-17,492.94227035204
2009-09-18,463.39018397215057
2009-09-19,359.4708472782408
2009-09-20,436.1288758493453
2009-09-21,436.4880685240075
2009-09-22,357.45590653474426
2009-09-23,303.7107904946166
2009-09-24,330.06969542218434
2009-09-25,255.89123875621542
2009-09-26,237.27786557714384
2009-09-27,328.91734408399725
2009-09-28,277.6555661104748
2009-09-29,282.38764438263263
2009-09-30,356.5631447889279
2009-10-01,417.1258545001944
2009-10-02,371.85314113545695
2009-10-03,354.8661479774617
2009-10-04,363.3962980226245
2009-10-05,346.60316293427815
2009-10-06,463.8158166639678
2009-10-07,409.086141586975
2009-10-08,560.3486911322263
2009-10-09,597.036400686495
2009-10-10,550.38320830792
2009-10-11,583.0620136704682
2009-10-12,551.0335255651039
2009-10-13,568.4810508750849
2009-10-14,538.2267385278503
2009-10-15,570.4016184670974
2009-10-16,521.4548802432629
2009-10-17,455.654328087333
2009-10-18,460.82419365986317
2009-10-19,486.85809600485356
2009-10-20,459.5291584820197
2009-10-21,398.5930553638788
2009-10-22,426.0620600463461
2009-10-23,380.02159625016753
2009-10-24,504.50045213590926
2009-10-25,409.04248870771664
2009-10-26,305.7561675346935
2009-10-27,344.6319810529487
2009-10-28,372.0007902003746
2009-10-29,401.2967430446576
2009-10-30,448.55971274864373
2009-10-31,389.97378386666963
2009-11-01,399.24832770643013
2009-11-02,333.782332348016
2009-11-03,344.1154440039346
2009-11-04,338.5083981299653
2009-11-05,293.89182865438653
2009-11-06,278.5864315704631
2009-11-07,378.4144931632329
2009-11-08,337.4165076706905
2009-11-09,288.97749679632904
2009-11-10,233.88230766137673
2009-11-11,312.48798983932727
2009-11-12,272.4490362402585
2009-11-13,258.9149796718628
2009-11-14,278.12724392662506
2009-11-15,241.58832561636493
2009-11-16,227.69521968932395
2009-11-17,336.7956521357419
2009-11-18,360.32625493106855
2009-11-19,385.6415136001245
2009-11-20,569.4504426581866
2009-11-21,617.3338755867462
2009-11-22,674.1864689901287
2009-11-23,711.1542988375992
2009-11-24,646.494860138764
2009-11-25,688.178841850164
2009-11-26,629.6461237782393
2009-11-27,586.234602206016
2009-11-28,577.9588200569997
2009-11-29,613.1072563474221
2009-11-30,628.5210846606698
2009-12-01,616.2204339428092
2009-12-02,693.7656810075766
2009-12-03,682.5752890223365
2009-12-04,643.9327814407987
2009-12-05,594.6928961323589
2009-12-06,592.3123550882503
2009-12-07,538.2161732221298
2009-12-08,561.7969769355853
2009-12-09,534.372990880884
2009-12-10,529.2484460648894
2009-12-11,470.02041765866545
2009-12-12,495.13686073039986
2009-12-13,436.4008005103165
2009-12-14,446.2618903154725
2009-12-15,491.5217078064576
2009-12-16,477.1356555911647
2009-12-17,484.3341960375487
2009-12-18,416.67681896760166
2009-12-19,422.1066918118914
2009-12-20,391.9678861841968
2009-12-21,461.89304694658694
2009-12-22,532.8476863710356
2009-12-23,504.4317373198503
2009-12-24,573.338908248126
2009-12-25,582.2950611397891
2009-12-26,614.2587790719363
2009-12-27,601.9108398756728
2009-12-28,595.6769431214823
2009-12-29,577.7881130557574
2009-12-30,555.5493202015135
2009-12-31,559.9803620266727
2010-01-01,557.1398120377697
2010-01-02,587.2182468097676
2010-01-03,586.5209818435445
2010-01-04,564.1466366191516
2010-01-05,560.480857526785
2010-01-06,576.5099630819514
2010-01-07,595.2094539613394
2010-01-08,609.0153794561874
2010-01-09,671.6881582262873
2010-01-10,638.1331781264134
2010-01-11,616.4129584229004
2010-01-12,612.6241591003331
2010-01-13,575.3051329125437
2010-01-14,553.5550623251926
2010-01-15,596.7323325252075
2010-01-16,677.7832757966353
2010-01-17,613.7540776664048
2010-01-18,621.2092538736896
2010-01-19,769.3873284279032
2010-01-20,744.4047165031747
2010-01-21,866.242879744062
2010-01-22,823.2294867821025
2010-01-23,812.1338222242372
2010-01-24,793.2425683422939
2010-01-25,863.6817045812589
2010-01-26,792.8245148515196
2010-01-27,745.9782395426967
2010-01-28,740.8683818764705
2010-01-29,770.9515656159163
2010-01-30,812.9872403535926
2010-01-31,762.5181515953734
2010-02-01,794.9320324347185
2010-02-02,786.1904785849613
2010-02-03,784.2626523407693
2010-02-04,740.505387030821
2010-02-05,727.4556396630088
2010-02-06,690.7702137521401
2010-02-07,697.3190343231488
2010-02-08,762.6414038889039
2010-02-09,685.7953869491163
2010-02-10,707.9335057375207
2010-02-11,696.1189804286892
2010-02-12,666.8403342330919
2010-02-13,685.965586276568
2010-02-14,612.1952802791262
2010-02-15,574.3907095401689
2010-02-16,588.2575110069837
2010-02-17,713.4131807518507
2010-02-18,672.7238202443727
2010-02-19,659.2070413104914
2010-02-20,592.1905494522675
2010-02-21,564.9768405344654
2010-02-22,624.0516106806824
2010-02-23,567.5542832462397
2010-02-24,603.6923481506483
2010-02-25,540.8170261856702
2010-02-26,592.3651423335356
2010-02-27,556.0290191611609
2010-02-28,516.5329802788044
2010-03-01,559.5147396102942
2010-03-02,521.7778230295331
2010-03-03,492.11822583786943
2010-03-04,474.76460665703775
2010-03-05,490.1879758227227
2010-03-06,418.4435857416149
2010-03-07,423.47165497538464
2010-03-08,460.21162725248087
2010-03-09,455.7892755355293
2010-03-10,455.8090636755841
2010-03-11,445.41479228417904
2010-03-12,464.1659277520033
2010-03-13,394.0792664509235
2010-03-14,430.1639205923323
2010-03-15,324.61537341443153
2010-03-16,291.93889466688734
2010-03-17,299.2368878567372
2010-03-18,266.9207262234121
2010-03-19,265.67216495682686
2010-03-20,266.1931858275491
2010-03-21,301.93910139174994
2010-03-22,276.815240487714
2010-03-23,267.5645227663774
2010-03-24,285.54649436091864
2010-03-25,275.8069449507784
2010-03-26,269.24864443742746
2010-03-27,263.7104405523837
2010-03-28,304.7337743877386
2010-03-29,264.59470818463706
2010-03-30,329.41673429555794
2010-03-31,257.9803636023292
2010-04-01,280.2944089633655
2010-04-02,290.0448853850375
2010-04-03,255.11979360353072
2010-04-04,268.0073655949002
2010-04-05,262.604211200654
2010-04-06,287.2087754336111
2010-04-07,254.48415797851007
2010-04-08,271.2427794630907
2010-04-09,271.58676998695626
2010-04-10,254.88035325059107
2010-04-11,292.1343327012043
2010-04-12,286.74271344526
2010-04-13,329.13814588077514
2010-04-14,243.68539614778663
2010-04-15,300.6282145865623
2010-04-16,258.8029801448006
2010-04-17,242.17412207651716
2010-04-18,326.1628803991875
2010-04-19,290.152281841091
2010-04-20,339.2424436962461
2010-04-21,298.6473187999521
2010-04-22,315.4167209053442
2010-04-23,271.2087448143199
2010-04-24,280.5003074120331
2010-04-25,274.5310188819658
2010-04-26,246.94298496382106
2010-04-27,215.04871131512937
2010-04-28,195.66578658314904
2010-04-29,201.91682787336828
2010-04-30,201.335446118228
2010-05-01,272.1780336521891
2010-05-02,226.5289357152446
2010-05-03,231.23225625710796
2010-05-04,251.35176963326808
2010-05-05,223.87735260285694
2010-05-06,222.41295997952048
2010-05-07,251.65307397809818
2010-05-08,275.34393016006896
2010-05-09,265.59526448593164
2010-05-10,286.6829458147964
2010-05-11,275.4112134816988
2010-05-12,316.01920355827264
2010-05-13,391.13512246838724
2010-05-14,383.42607890754107
2010-05-15,345.85121776046174
2010-05-16,292.9208444365354
2010-05-17,294.95607918887066
2010-05-18,268.3699988951024
2010-05-19,254.41497803806948
2010-05-20,213.7039377015474
2010-05-21,177.35528185908467
2010-05-22,173.47238273983876
2010-05-23,156.91437899426163
2010-05-24,170.07326225720368
2010-05-25,170.84009543132376
2010-05-26,276.57760954236676
2010-05-27,322.53576648999837
2010-05-28,260.0302870589789
2010-05-29,196.12129194102673
2010-05-30,201.2255599964443
2010-05-31,232.1872432012692
2010-06-01,179.21864879105468
2010-06-02,202.86132085438933
2010-06-03,163.92248972312657
2010-06-04,160.15096139923514
2010-06-05,214.68466950440882
2010-06-06,203.77773312183712
2010-06-07,230.3954744879163
2010-06-08,188.43275480388925
2010-06-09,181.21566682034168
2010-06-10,228.53964016539922
2010-06-11,191.64414654749743
2010-06-12,178.34005796215567
2010-06-13,163.1455864543777
2010-06-14,168.412138013332
2010-06-15,143.66397419096316
2010-06-16,305.10656420374784
2010-06-17,355.9790767854193
2010-06-18,317.22788174896726
2010-06-19,290.8045454470012
2010-06-20,486.3036571786153
2010-06-21,498.90352011437255
2010-06-22,464.8824966940178
2010-06-23,325.8520451531207
2010-06-24,390.2870976002215
2010-06-25,595.3920319094146
2010-06-26,1077.306621868146
2010-06-27,1117.8263480268804
2010-06-28,1065.4912498482497
2010-06-29,1202.3214963079486
2010-06-30,1334.5695461173375
2010-07-01,1148.420390025366
2010-07-02,949.5435990842919
2010-07-03,791.7968241907995
2010-07-04,775.0609511818255
2010-07-05,655.9940516980431
2010-07-06,814.4412632007708
2010-07-07,732.2008743806949
2010-07-08,789.1175254444998
2010-07-09,745.6812538416352
2010-07-10,820.2404861286174
2010-07-11,934.8024263300055
2010-07-12,790.5234184461389
2010-07-13,952.5877151282008
2010-07-14,1105.355949207958
2010-07-15,1223.0338728264535
2010-07-16,1018.4130596246434
2010-07-17,1107.4899407349662
2010-07-18,981.1043872334716
2010-07-19,1013.0977238427969
2010-07-20,878.5036224839214
2010-07-21,880.1507171149881
2010-07-22,777.6666838252127
2010-07-23,776.7245062614562
2010-07-24,715.456787301727
2010-07-25,804.5687993222616
2010-07-26,1311.4276239759201
2010-07-27,977.71478114322
2010-07-28,1596.5637080891256
2010-07-29,1730.6359405067003
2010-07-30,1774.1890177125292
2010-07-31,2095.5894573795904
2010-08-01,2035.9944043127234
2010-08-02,1835.739838960778
2010-08-03,2096.7642821644617
2010-08-04,2056.0471886897894
2010-08-05,2073.215922478045
2010-08-06,2267.457856560792
2010-08-07,2194.3678554181197
2010-08-08,2311.1312347911025
2010-08-09,2301.230249416893
2010-08-10,2388.656097161982
2010-08-11,2326.0328849232283
2010-08-12,2187.371042213432
2010-08-13,2020.9032088590077
2010-08-14,1883.0921995871743
2010-08-15,1903.8349674962374
2010-08-16,1775.8389783467576
2010-08-17,1661.5507474620888
2010-08-18,1587.5952031923237
2010-08-19,1477.03492953187
2010-08-20,1228.9720155511172
2010-08-21,1260.2069882418946
2010-08-22,1286.2269624995156
2010-08-23,1226.4645602363946
2010-08-24,1252.4822597891844
2010-08-25,1179.039067067791
2010-08-26,1162.689442155424
2010-08-27,1090.9002321858945
2010-08-28,928.2054675566409
2010-08-29,883.1570477080741
2010-08-30,833.8647845380033
2010-08-31,809.5491203813214
2010-09-01,685.9014692808748
2010-09-02,665.9759325576188
2010-09-03,683.5126594533463
2010-09-04,643.7265081418782
2010-09-05,695.5465441351286
2010-09-06,950.5979076096513
2010-09-07,929.7490622228913
2010-09-08,898.5838755530727
2010-09-09,937.9531344960186
2010-09-10,920.7243978802201
2010-09-11,949.0964441868691
2010-09-12,848.515569630066
2010-09-13,662.8525402971503
2010-09-14,855.4897704323637
2010-09-15,725.5790724556418
2010-09-16,807.9746981965177
2010-09-17,918.6870964848472
2010-09-18,1144.2804192009332
2010-09-19,963.7968126760429
2010-09-20,932.756947397373
2010-09-21,907.6196386686242
2010-09-22,806.6072214103036
2010-09-23,1010.3312495864641
2010-09-24,854.8122979599862
2010-09-25,590.110229589466
2010-09-26,566.2162375474808
2010-09-27,637.7621877224722
2010-09-28,591.6086894380747
2010-09-29,447.33479611888293
2010-09-30,554.9784585125727
2010-10-01,500.4975780985393
2010-10-02,381.37006675598275
2010-10-03,376.80185837149116
2010-10-04,378.21798429839464
2010-10-05,316.2265916720757
2010-10-06,264.78414121368127
2010-10-07,256.4930011552873
2010-10-08,257.94553818153315
2010-10-09,512.2788159238613
2010-10-10,518.1318053255587
2010-10-11,410.7737549392088
2010-10-12,360.9398183012599
2010-10-13,373.5172074904942
2010-10-14,370.9145474522022
2010-10-15,375.4914731830501
2010-10-16,505.764721396349
2010-10-17,467.4831335248167
2010-10-18,513.8334736488702
2010-10-19,479.80367278479116
2010-10-20,484.27611512544246
2010-10-21,420.2728028533354
2010-10-22,376.1223825732862
2010-10-23,340.39996968212796
2010-10-24,424.6819036686763
2010-10-25,626.1243629348561
2010-10-26,650.6913661101629
2010-10-27,548.767801454494
2010-10-28,514.2372055599602
2010-10-29,611.4648084627166
2010-10-30,536.6305071744932
2010-10-31,453.78901725329615
2010-11-01,484.8588147938511
2010-11-02,476.54301082110646
2010-11-03,483.2222807036917
2010-11-04,402.3412985364092
2010-11-05,379.1071001874554
2010-11-06,330.659332516064
2010-11-07,339.5636561539856
2010-11-08,270.41316554407746
2010-11-09,288.5542067644649
2010-11-10,328.41251426714155
2010-11-11,288.2764892750605
2010-11-12,247.69542680044574
2010-11-13,268.6500396857443
2010-11-14,320.0533437291096
2010-11-15,338.93184043422156
2010-11-16,359.9221884424345
2010-11-17,420.0092849818064
2010-11-18,416.9419150880969
2010-11-19,349.7877307931405
2010-11-20,355.56107105865294
2010-11-21,413.399043103292
2010-11-22,415.0000934372352
2010-11-23,434.73639269028405
2010-11-24,417.62974110856084
2010-11-25,455.97264822457396
2010-11-26,568.3467293465692
2010-11-27,505.68175336535637
2010-11-28,417.54065806264487
2010-11-29,405.236265854893
2010-11-30,402.0522631866665
2010-12-01,367.1904448627201
2010-12-02,458.62861250598564
2010-12-03,407.356817192731
2010-12-04,404.3801825499315
2010-12-05,496.68879315279077
2010-12-06,475.32063453044344
2010-12-07,399.5678986601414
2010-12-08,410.43945398942395
2010-12-09,476.19187474320825
2010-12-10,468.48009811229724
2010-12-11,496.6814866257077
2010-12-12,523.3930477324432
2010-12-13,609.9168026929776
2010-12-14,558.9180646265262
2010-12-15,633.3054929071324
2010-12-16,674.7252784534849
2010-12-17,622.0304508394312
2010-12-18,679.1171731619793
2010-12-19,643.8805406798476
2010-12-20,717.036088726816
2010-12-21,870.1109689429964
2010-12-22,801.4704669925264
2010-12-23,679.3501623394635
2010-12-24,691.1510487447838
2010-12-25,738.7348201340593
2010-12-26,648.5469925214452
2010-12-27,655.7486511494626
2010-12-28,635.6266163729819
2010-12-29,629.869013025378
2010-12-30,519.2314757133466
2010-12-31,517.1700313040803
2011-01-01,542.9934080099949
2011-01-02,570.7981855079204
2011-01-03,628.6069641004026
2011-01-04,596.3039274257395
2011-01-05,594.9202670127095
2011-01-06,598.356158178405
2011-01-07,623.8683245638322
2011-01-08,655.994761558329
2011-01-09,643.8774788751291
2011-01-10,715.8201287947263
2011-01-11,664.1789887658348
2011-01-12,678.8154404554886
2011-01-13,612.7205332199541
2011-01-14,585.5466958482134
2011-01-15,564.1181009417556
2011-01-16,584.8501479563195
2011-01-17,571.5331440244657
2011-01-18,557.4403796108627
2011-01-19,609.5871000985137
2011-01-20,562.0714957890216
2011-01-21,564.071673343327
2011-01-22,672.2335949866967
2011-01-23,685.1428209949103
2011-01-24,628.280446584496
2011-01-25,636.4292390628859
2011-01-26,677.9718044618223
2011-01-27,622.4313637317429
2011-01-28,609.9182791584215
2011-01-29,586.5027045568828
2011-01-30,578.8795683332589
2011-01-31,617.6101875342032
2011-02-01,654.8817943236396
2011-02-02,753.2524635588608
2011-02-03,741.7148504556741
2011-02-04,776.32579670464
2011-02-05,723.7327798131781
2011-02-06,718.0155861032324
2011-02-07,774.2732020021035
2011-02-08,721.8966292573481
2011-02-09,676.4032251744665
2011-02-10,679.0018488361252
2011-02-11,775.6148145490693
2011-02-12,720.2345254644254
2011-02-13,718.8534523770998
2011-02-14,634.1184925033041
2011-02-15,626.836479184458
2011-02-16,589.6608442946716
2011-02-17,551.9908010874807
2011-02-18,571.569598976911
2011-02-19,583.6600944848793
2011-02-20,558.483821272749
2011-02-21,595.6771857306447
2011-02-22,603.8789537862162
2011-02-23,608.2216326299394
2011-02-24,560.556273549149
2011-02-25,608.0802329212366
2011-02-26,533.7787906519799
2011-02-27,622.0545717513669
2011-02-28,523.1110589446607
2011-03-01,561.2064890889585
2011-03-02,453.470859404752
2011-03-03,393.8753799784319
2011-03-04,380.42639198399036
2011-03-05,339.023726438846
2011-03-06,328.262712630699
2011-03-07,329.5292589958207
2011-03-08,420.3874086186977
2011-03-09,370.74663363758566
2011-03-10,350.2276243944093
2011-03-11,397.87034961776016
2011-03-12,410.91633839607294
2011-03-13,415.1864280705768
2011-03-14,401.65077055583157
2011-03-15,432.6002093576264
2011-03-16,397.10115818290336
2011-03-17,413.89807971064647
2011-03-18,413.13167188055047
2011-03-19,415.77683201833145
2011-03-20,451.8483150215366
2011-03-21,421.295705040567
2011-03-22,409.97576770807217
2011-03-23,395.6912899673379
2011-03-24,355.170348781148
2011-03-25,298.2093483345977
2011-03-26,316.9464101239305
2011-03-27,318.92290469046054
2011-03-28,291.4405976116832
2011-03-29,264.60672221896317
2011-03-30,278.9601000776791
2011-03-31,309.03629511384213
2011-04-01,281.56190866905746
2011-04-02,327.9771552494916
2011-04-03,255.9253170597227
2011-04-04,245.62935826223347
2011-04-05,246.01981685700875
2011-04-06,246.93114233933923
2011-04-07,253.75764141080478
2011-04-08,294.43479329701654
2011-04-09,285.2194922156096
2011-04-10,218.27574829763847
2011-04-11,203.3525348753914
2011-04-12,283.9348138634853
2011-04-13,323.1025292341859
2011-04-14,468.750133409748
2011-04-15,486.9421413961708
2011-04-16,530.3314118006451
2011-04-17,492.30427328363214
2011-04-18,460.55338619077423
2011-04-19,512.0697535022177
2011-04-20,466.30684600720025
2011-04-21,463.1623547064553
2011-04-22,388.6152071624555
2011-04-23,399.41416058789235
2011-04-24,316.89280019236685
2011-04-25,547.9069631655083
2011-04-26,549.98415389357
2011-04-27,778.7695189741532
2011-04-28,745.659628819099
2011-04-29,602.2810108942862
2011-04-30,473.5995785812399
2011-05-01,392.7457159036788
2011-05-02,397.0902924533725
2011-05-03,389.8446711472545
2011-05-04,351.79093565121093
2011-05-05,302.43689746211436
2011-05-06,276.60679653627255
2011-05-07,253.08002450878695
2011-05-08,227.8780776224503
2011-05-09,280.786167777973
2011-05-10,288.2016894421911
2011-05-11,344.55297903944376
2011-05-12,305.0739702610465
2011-05-13,370.29098146580515
2011-05-14,378.2013691772362
2011-05-15,408.3241171748297
2011-05-16,304.86838480793324
2011-05-17,270.141867780913
2011-05-18,277.7015238329901
2011-05-19,265.7401207037418
2011-05-20,268.4137424138119
2011-05-21,262.00568352482867
2011-05-22,219.7879375697301
2011-05-23,233.16927207523287
2011-05-24,206.25830011895678
2011-05-25,187.89076447742934
2011-05-26,153.84448821529563
2011-05-27,190.65768468936844
2011-05-28,163.279074979226
2011-05-29,172.56778713457882
2011-05-30,183.0949070070299
2011-05-31,155.97292202267184
2011-06-01,155.882984928882
2011-06-02,289.16516813636923
2011-06-03,210.29390748820452
2011-06-04,221.48322160054516
2011-06-05,297.27715002314625
2011-06-06,301.32147579810874
2011-06-07,270.8471130124296
2011-06-08,422.8379943898119
2011-06-09,360.66542358825996
2011-06-10,435.86812179649917
2011-06-11,372.433408869912
2011-06-12,332.11427648646816
2011-06-13,340.86785801082954
2011-06-14,436.2405452004176
2011-06-15,451.1237704806833
2011-06-16,673.0853206190767
2011-06-17,698.0597972561154
2011-06-18,739.0929769864078
2011-06-19,744.979870615106
2011-06-20,827.962481855837
2011-06-21,767.3907088332209
2011-06-22,814.7469967424115
2011-06-23,780.4711246232127
2011-06-24,660.041940421493
2011-06-25,561.48534582775
2011-06-26,466.0619873241634
2011-06-27,412.03076790494305
2011-06-28,462.62975020848745
2011-06-29,527.4947902105017
2011-06-30,653.1177711514608
2011-07-01,693.0176106762433
2011-07-02,668.3662392424303
2011-07-03,745.9238080035724
2011-07-04,656.5063407117141
2011-07-05,732.6770024318058
2011-07-06,735.0077958420436
2011-07-07,564.3473415579151
2011-07-08,620.5887642695936
2011-07-09,731.1328677860604
2011-07-10,876.071625566191
2011-07-11,847.1796211067232
2011-07-12,960.305257075662
2011-07-13,840.1572265254505
2011-07-14,739.0020428303925
2011-07-15,771.5756963888323
2011-07-16,703.8591315563493
2011-07-17,757.3336383531752
2011-07-18,986.9101696270332
2011-07-19,1303.4128899059463
2011-07-20,1362.448264643071
2011-07-21,1247.6689311985858
2011-07-22,1145.1395325757367
2011-07-23,1342.3208930845428
2011-07-24,1569.3843438157362
2011-07-25,1651.818318313614
2011-07-26,1635.615991849862
2011-07-27,1546.6726906072433
2011-07-28,1583.6513303351664
2011-07-29,1525.7751810466698
2011-07-30,1289.783113597024
2011-07-31,1185.1459856806548
2011-08-01,1070.9978821457685
2011-08-02,1070.9978821457685
2011-08-03,952.9840729103191
2011-08-04,952.9840729103192
2011-08-05,1192.0111692689636
2011-08-06,1270.8678298226291
2011-08-07,1106.9422443733122
2011-08-08,1138.6331530279033
2011-08-09,1322.6207907512305
2011-08-10,1346.3694443638713
2011-08-11,1346.3694443638713
2011-08-12,1671.1538408355018
2011-08-13,1689.1396622599161
2011-08-14,1803.3342681909644
2011-08-15,1709.2163834755083
2011-08-16,1901.1790838243319
2011-08-17,1891.69144089177
2011-08-18,1891.6914408917703
2011-08-19,2153.4993384976096
2011-08-20,2153.4993384976096
2011-08-21,2180.6652528640743
2011-08-22,1711.8892409983596
2011-08-23,1378.9192378645469
2011-08-24,1338.491047135429
2011-08-25,1747.3612425437009
2011-08-26,1646.6567718279887
2011-08-27,1646.6567718279887
2011-08-28,1562.5547159084092
2011-08-29,1576.4464940340592
2011-08-30,1338.976570856669
2011-08-31,1340.0075840889237
2011-09-01,1484.2136663948386
2011-09-02,1521.5435358693883
2011-09-03,1521.5435358693885
2011-09-04,1473.944051864701
2011-09-05,1473.9440518647007
2011-09-06,1113.4950653506855
2011-09-07,1355.7518505125004
2011-09-08,1166.5224306818868
2011-09-09,958.019323716778
2011-09-10,1137.8737744376606
2011-09-11,1221.8827895285683
2011-09-12,1221.8827895285683
2011-09-13,1060.5254398866828
2011-09-14,1023.6162797468529
2011-09-15,1086.4143413410982
2011-09-16,922.1419299138698
2011-09-17,1166.0148888398473
2011-09-18,1152.1757664726138
2011-09-19,1152.175766472614
2011-09-20,1095.8128872591842
2011-09-21,1095.8128872591842
2011-09-22,824.5998272413357
2011-09-23,590.6628622237372
2011-09-24,609.759069052453
2011-09-25,492.1437317351933
2011-09-26,804.7667569151181
2011-09-27,775.602567677599
2011-09-28,775.602567677599
2011-09-29,910.5632400778757
2011-09-30,946.6656827601323
2011-10-01,1081.6198260786339
2011-10-02,968.6593204814507
2011-10-03,888.283117054299
2011-10-04,687.1436959325313
2011-10-05,687.0957455065634
2011-10-06,583.3813421966809
2011-10-07,624.0698144756612
2011-10-08,466.83633453266015
2011-10-09,385.67521458559025
2011-10-10,356.4669022216644
2011-10-11,368.3163947777252
2011-10-12,258.69314133124476
2011-10-13,287.45799012548935
2011-10-14,383.9148275981593
2011-10-15,434.0960786203778
2011-10-16,406.2547398613833
2011-10-17,381.4084968533035
2011-10-18,495.28163871257533
2011-10-19,372.5112359272023
2011-10-20,344.32758294285605
2011-10-21,379.6073112322323
2011-10-22,386.322028889236
2011-10-23,366.0835317200778
2011-10-24,364.3210198862835
2011-10-25,404.4272324290604
2011-10-26,419.6643607282203
2011-10-27,428.0419820599096
2011-10-28,424.0882215219017
2011-10-29,536.8705312830278
2011-10-30,548.0140370970581
2011-10-31,659.2335435541393
2011-11-01,661.7545341572423
2011-11-02,575.2479328401416
2011-11-03,769.3343252979136
2011-11-04,746.0593224830558
2011-11-05,676.6993685125705
2011-11-06,603.0251080977755
2011-11-07,673.1908080829419
2011-11-08,614.1028043384732
2011-11-09,582.9987068317345
2011-11-10,631.70215267317
2011-11-11,702.0089689454995
2011-11-12,709.4631658568088
2011-11-13,624.6037647375725
2011-11-14,592.0918124246076
2011-11-15,647.9827447626113
2011-11-16,609.569606450075
2011-11-17,525.4243148145598
2011-11-18,442.88431712697997
2011-11-19,423.4582687123645
2011-11-20,472.9430828414433
2011-11-21,396.88662207975057
2011-11-22,320.5872465128895
2011-11-23,350.4018070991689
2011-11-24,438.0492555004113
2011-11-25,443.9079972013447
2011-11-26,399.4353225271469
2011-11-27,388.616436763582
2011-11-28,517.5374923715477
2011-11-29,482.46157178827195
2011-11-30,405.67637640735165
2011-12-01,440.97850932895585
2011-12-02,440.9785093289558
2011-12-03,452.9665147557073
2011-12-04,483.29093503672834
2011-12-05,537.9542181266324
2011-12-06,544.8639227263577
2011-12-07,576.5310673562249
2011-12-08,583.3776686028282
2011-12-09,604.8920657450997
2011-12-10,513.9803170753729
2011-12-11,502.9945651581937
2011-12-12,481.1800308433623
2011-12-13,481.18003084336226
2011-12-14,344.3573577583285
2011-12-15,396.7180271241759
2011-12-16,456.44730327290546
2011-12-17,463.07916936998663
2011-12-18,531.9271095339496
2011-12-19,580.3804783563323
2011-12-20,540.1426223828048
2011-12-21,645.3097379336759
2011-12-22,704.709035911616
2011-12-23,663.8971557576389
2011-12-24,663.8971557576386
2011-12-25,689.884590348163
2011-12-26,749.4882478792421
2011-12-27,718.2240815013649
2011-12-28,684.9857226010965
2011-12-29,747.3502024693007
2011-12-30,747.0042587407451
2011-12-31,712.7868332926779
2012-01-01,698.07259799406
2012-01-02,810.0375476807639
2012-01-03,878.4801340040426
2012-01-04,956.5227860090231
2012-01-05,878.8333962310909
2012-01-06,883.760589284773
2012-01-07,976.3861461313054
2012-01-08,1173.0864778543632
2012-01-09,1139.1864934150415
2012-01-10,1173.4791767934598
2012-01-11,1209.062442242198
2012-01-12,1271.87828410544
2012-01-13,1195.9508762951195
2012-01-14,1220.1282189998076
2012-01-15,1241.0512347462325
2012-01-16,1098.533541149649
2012-01-17,1114.8995250659652
2012-01-18,1102.6854352269063
2012-01-19,1077.6864279458396
2012-01-20,1087.2991880355014
2012-01-21,1211.6325832271555
2012-01-22,1237.2983673418098
2012-01-23,1258.0757595567625
2012-01-24,1166.968623210239
2012-01-25,1175.3142092495925
2012-01-26,1147.9987541690577
2012-01-27,1150.4204189925274
2012-01-28,993.2358494800117
2012-01-29,917.0119072870839
2012-01-30,834.3177812659533
2012-01-31,824.7478087802509
2012-02-01,855.2748934618024
2012-02-02,918.4828568479713
2012-02-03,883.8869439483183
2012-02-04,893.3756842516389
2012-02-05,947.3573060015742
2012-02-06,924.1402402754057
2012-02-07,967.7295782609388
2012-02-08,991.9087712689217
2012-02-09,972.9554663681196
2012-02-10,945.8902120172224
2012-02-11,1052.9263051499156
2012-02-12,1092.6214996279364
2012-02-13,980.8099181809375
2012-02-14,854.0596976702662
2012-02-15,889.7864213424348
2012-02-16,945.2642483195428
2012-02-17,868.3064044011079
2012-02-18,819.8011566195926
2012-02-19,895.2544201463166
2012-02-20,907.9423578014349
2012-02-21,945.4149384971489
2012-02-22,814.7187241448818
2012-02-23,743.5960876410485
2012-02-24,715.7555909928417
2012-02-25,766.7770444058564
2012-02-26,684.3428055391599
2012-02-27,660.7993103110389
2012-02-28,613.9313110348078
2012-02-29,610.4521806798842
2012-03-01,606.1518625692178
2012-03-02,582.7958026815817
2012-03-03,549.267105112106
2012-03-04,551.7844776062906
2012-03-05,501.3822533848353
2012-03-06,494.0006878464759
2012-03-07,542.4071018828822
2012-03-08,483.172120589883
2012-03-09,483.39344405837113
2012-03-10,478.8453177864106
2012-03-11,533.0488886094768
2012-03-12,454.8698649224327
2012-03-13,433.9946834196184
2012-03-14,420.8993639430874
2012-03-15,423.6457057033671
2012-03-16,364.1167407665581
2012-03-17,409.217306760313
2012-03-18,387.7678922870329
2012-03-19,393.65914305296343
2012-03-20,508.82245402117957
2012-03-21,505.4216931735316
2012-03-22,459.84582624560284
2012-03-23,468.76816858573875
2012-03-24,480.0337385390684
2012-03-25,460.8549049721803
2012-03-26,434.6443696817092
2012-03-27,541.7238320997733
2012-03-28,548.1290683700794
2012-03-29,510.5805246590287
2012-03-30,440.7104792434073
2012-03-31,438.213034170109
2012-04-01,418.1475202640314
2012-04-02,380.3036562658291
2012-04-03,405.8572112168117
2012-04-04,431.3815636639995
2012-04-05,436.7250156936857
2012-04-06,361.2233233799886
2012-04-07,336.9822217832944
2012-04-08,369.6813309311342
2012-04-09,349.5026900516233
2012-04-10,351.9740990834792
2012-04-11,282.0214712571307
2012-04-12,310.9253419940896
2012-04-13,249.27582396153204
2012-04-14,240.91231459546174
2012-04-15,236.26643806661076
2012-04-16,269.7144517526758
2012-04-17,299.367460581079
2012-04-18,323.78826771233975
2012-04-19,305.82985954072257
2012-04-20,342.1927569024676
2012-04-21,368.89847161404083
2012-04-22,361.37069199177404
2012-04-23,377.326350463229
2012-04-24,501.6331530430665
2012-04-25,507.8283759806444
2012-04-26,523.3288175224832
2012-04-27,432.0241860354299
2012-04-28,396.66902460018775
2012-04-29,400.6416614754387
2012-04-30,409.7429112220036
2012-05-01,373.55535566547934
2012-05-02,393.4793873280276
2012-05-03,396.0531426056868
2012-05-04,401.0789849302712
2012-05-05,372.875606238235
2012-05-06,372.875606238235
2012-05-07,315.1845094997406
2012-05-08,341.18149927514924
2012-05-09,322.5484168812204
2012-05-10,307.4370426139273
2012-05-11,330.16227879531897
2012-05-12,271.73947867570394
2012-05-13,243.25553334502666
2012-05-14,294.90770810521775
2012-05-15,341.04228909139863
2012-05-16,364.6572221318895
2012-05-17,349.2663619923288
2012-05-18,407.1099081120212
2012-05-19,401.089931254259
2012-05-20,409.0169584849915
2012-05-21,409.7008501851825
2012-05-22,422.9774114058038
2012-05-23,392.55556992265855
2012-05-24,393.38552983452877
2012-05-25,445.396461982002
2012-05-26,459.394824177726
2012-05-27,444.28950372613645
2012-05-28,450.2345161455826
2012-05-29,418.9083979855387
2012-05-30,423.07491180086294
2012-05-31,386.3909020649079
2012-06-01,344.6702336387005
2012-06-02,328.34967077843015
2012-06-03,341.3955018449228
2012-06-04,322.7430879113218
2012-06-05,315.04443152577784
2012-06-06,241.57576177117957
2012-06-07,256.6266148471589
2012-06-08,268.1929669449882
2012-06-09,247.65043688057955
2012-06-10,198.71113314490984
2012-06-11,227.5146766264285
2012-06-12,224.2099228926606
2012-06-13,307.51033327136304
2012-06-14,525.0867935885182
2012-06-15,569.1045196281619
2012-06-16,587.3736558335364
2012-06-17,785.3801027467239
2012-06-18,763.5770364331381
2012-06-19,766.9211734163633
2012-06-20,784.6260800578954
2012-06-21,946.605227979856
2012-06-22,1357.8923536677748
2012-06-23,1509.469558204666
2012-06-24,1264.6783092322403
2012-06-25,1321.982919657381
2012-06-26,1674.8179911406946
2012-06-27,1847.8390227438338
2012-06-28,1643.9469809596696
2012-06-29,1449.1669393429177
2012-06-30,1208.4823923989459
2012-07-01,991.1190013524406
2012-07-02,944.400053561994
2012-07-03,1006.7992165533271
2012-07-04,1055.7603939748933
2012-07-05,1207.330290008017
2012-07-06,1364.1399400802018
2012-07-07,1310.7152649815534
2012-07-08,1245.9600857671373
2012-07-09,1165.137221956118
2012-07-10,1280.5996578771526
2012-07-11,1347.5757741672844
2012-07-12,1450.2813717211634
2012-07-13,1360.5908633908816
2012-07-14,1236.180228079342
2012-07-15,1343.063842332045
2012-07-16,1493.9792111634583
2012-07-17,1424.9726351645102
2012-07-18,1419.1130971681596
2012-07-19,1388.1084800893723
2012-07-20,1674.8005136811464
2012-07-21,1697.1698605029633
2012-07-22,1701.4138039788982
2012-07-23,1933.1991462099984
2012-07-24,2039.3756973053412
2012-07-25,2114.200691292048
2012-07-26,2124.621301362996
2012-07-27,2184.300870151933
2012-07-28,2290.115548469139
2012-07-29,2220.8672182027744
2012-07-30,2067.7132649242844
2012-07-31,1850.3886338252041
2012-08-01,2067.6326514634407
2012-08-02,2146.689666919787
2012-08-03,1635.4995358627805
2012-08-04,1858.181408932751
2012-08-05,2190.5805074204504
2012-08-06,2209.621789458774
2012-08-07,2246.0310147919818
2012-08-08,2302.236531690534
2012-08-09,2182.875387670063
2012-08-10,2116.8034458422258
2012-08-11,2101.2036572288675
2012-08-12,2089.9032072782898
2012-08-13,2190.636151105094
2012-08-14,1816.7088197753899
2012-08-15,1614.1378458533636
2012-08-16,1590.745558211443
2012-08-17,1594.474588697561
2012-08-18,1691.3235135197006
2012-08-19,1856.94692767053
2012-08-20,1759.4976056618998
2012-08-21,1553.2176635981998
2012-08-22,1565.206640651135
2012-08-23,1543.8866924596973
2012-08-24,1539.1249417039774
2012-08-25,1507.082737912222
2012-08-26,1401.0275692071395
2012-08-27,1184.5500232511924
2012-08-28,997.8567429478628
2012-08-29,753.5491616584717
2012-08-30,923.5790658919498
2012-08-31,891.2248837609462
2012-09-01,763.6227443967043
2012-09-02,641.3166311926867
2012-09-03,489.8729008189777
2012-09-04,447.3692626453568
2012-09-05,567.3719249760544
2012-09-06,543.6999854932137
2012-09-07,500.8325525002814
2012-09-08,587.1745723942653
2012-09-09,748.9938770435439
2012-09-10,636.538551924201
2012-09-11,647.6544090813454
2012-09-12,636.2956743652069
2012-09-13,670.3882674335449
2012-09-14,482.80562408046006
2012-09-15,557.6720986632702
2012-09-16,535.475726388588
2012-09-17,544.8156298562974
2012-09-18,441.6139949531552
2012-09-19,372.54743422923923
2012-09-20,258.1867367894655
2012-09-21,293.5423509938895
2012-09-22,360.6593280910286
2012-09-23,506.79433799325886
2012-09-24,457.26126415939007
2012-09-25,600.7046471572652
2012-09-26,718.9801230355621
2012-09-27,747.1528265619426
2012-09-28,773.4999195337605
2012-09-29,698.5564229205539
2012-09-30,726.4512149697874
2012-10-01,590.6534885899282
2012-10-02,518.4084474083947
2012-10-03,554.7984132369469
2012-10-04,440.4495481134547
2012-10-05,463.8516111063758
2012-10-06,716.095731377291
2012-10-07,770.1484264924985
2012-10-08,615.476951392759
2012-10-09,590.1093057131889
2012-10-10,550.1566444733713
2012-10-11,542.3770054241231
2012-10-12,523.6296641387448
2012-10-13,565.0426342145357
2012-10-14,580.7562073698457
2012-10-15,552.4025214855278
2012-10-16,566.254544790469
2012-10-17,570.5251520978046
2012-10-18,472.14519075175525
2012-10-19,503.6145875300242
2012-10-20,421.4674402159564
2012-10-21,346.0619460762797
2012-10-22,352.4622486210174
2012-10-23,399.74032073215926
2012-10-24,452.5585601089935
2012-10-25,328.97127372140676
2012-10-26,311.99391980481806
2012-10-27,413.9361996872275
2012-10-28,391.5165814314727
2012-10-29,354.47157318619423
2012-10-30,333.2754312860816
2012-10-31,412.99667808041403
2012-11-01,356.0509711671339
2012-11-02,348.1013237109518
2012-11-03,315.47912319752913
2012-11-04,315.1010702046367
2012-11-05,284.75748934403845
2012-11-06,304.76838777062875
2012-11-07,315.9945894157164
2012-11-08,322.04863563473305
2012-11-09,352.1619116742362
2012-11-10,333.8763051475964
2012-11-11,317.9500510928374
2012-11-12,299.1264837315909
2012-11-13,336.80381523482737
2012-11-14,403.8021210701265
2012-11-15,381.89060218612866
2012-11-16,491.20191492337057
2012-11-17,593.3897561252347
2012-11-18,534.1009708706606
2012-11-19,527.497579527131
2012-11-20,537.6414130464543
2012-11-21,519.3536928998408
2012-11-22,531.7909019086227
2012-11-23,561.892082016632
2012-11-24,586.4435596891755
2012-11-25,574.2201095216993
2012-11-26,547.6429253463482
2012-11-27,473.6311640152748
2012-11-28,521.8950719117039
2012-11-29,534.2167203705476
2012-11-30,448.78525679106826
2012-12-01,418.47479910877723
2012-12-02,429.4620241878303
2012-12-03,507.48105871419557
2012-12-04,489.423478479953
2012-12-05,434.2189534589485
2012-12-06,454.08716725397454
2012-12-07,506.6585273313104
2012-12-08,460.60888394743546
2012-12-09,448.69988731532237
2012-12-10,450.4513648446931
2012-12-11,442.74014845713924
2012-12-12,379.48226050495265
2012-12-13,361.2319568099065
2012-12-14,352.8274647162135
2012-12-15,278.97647491331094
2012-12-16,355.27435968545836
2012-12-17,407.672584384448
2012-12-18,400.0584417747591
2012-12-19,347.77138025368913
2012-12-20,419.20580185510244
2012-12-21,440.4666889836334
2012-12-22,454.8182108640835
2012-12-23,397.0277998733028
2012-12-24,389.08478190211946
2012-12-25,410.1731110514979
2012-12-26,423.47148459213963
2012-12-27,369.57520215299894
2012-12-28,361.08922264239806
2012-12-29,361.08922264239806
2012-12-30,368.2458758609499
2012-12-31,477.4392305988318
2013-01-01,482.19881391735566
2013-01-02,316.4984858745594
2013-01-03,658.9009539556005
2013-01-04,616.4309244015216
2013-01-05,519.7464630110278
2013-01-06,468.7759321306776
2013-01-07,498.33360814838073
2013-01-08,527.7363380710257
2013-01-09,534.3824685641749
2013-01-10,588.8025548152505
2013-01-11,665.9203728834848
2013-01-12,676.2812441052132
2013-01-13,741.4834120891113
2013-01-14,612.3812453897659
2013-01-15,645.528525105572
2013-01-16,680.0077218983596
2013-01-17,745.8103321975348
2013-01-18,738.8819377878283
2013-01-19,698.0711291829053
2013-01-20,745.7250816031723
2013-01-21,764.6340602467542
2013-01-22,730.4437374005539
2013-01-23,736.8282263304671
2013-01-24,742.0515481817656
2013-01-25,676.1065259944062
2013-01-26,660.4361003767164
2013-01-27,739.1415595030606
2013-01-28,879.5995036487599
2013-01-29,872.5579707596596
2013-01-30,887.0394665826815
2013-01-31,938.6483315622658
2013-02-01,956.7348120228264
2013-02-02,779.754053311093
2013-02-03,769.1184456845858
2013-02-04,784.7921969287651
2013-02-05,782.259079712159
2013-02-06,861.9197406561008
2013-02-07,794.439884235739
2013-02-08,945.467882127791
2013-02-09,895.8417951858586
2013-02-10,935.8013540197221
2013-02-11,900.7658183956427
2013-02-12,868.8206050219486
2013-02-13,740.0507093425672
2013-02-14,794.6888779068987
2013-02-15,704.9321876264542
2013-02-16,702.6664185329857
2013-02-17,823.442850985964
2013-02-18,889.9770878839613
2013-02-19,856.9171474069283
2013-02-20,876.4885993447692
2013-02-21,873.8745057072184
2013-02-22,678.6003378630747
2013-02-23,632.7736072813552
2013-02-24,709.7878195591145
2013-02-25,733.1939459528083
2013-02-26,748.0436809636108
2013-02-27,755.8974377193404
2013-02-28,785.4370854955696
2013-03-01,833.3091433818959
2013-03-02,804.0947395506009
2013-03-03,770.4148834870902
2013-03-04,743.896550201098
2013-03-05,675.3091309395915
2013-03-06,636.4831511776603
2013-03-07,589.6515906669822
2013-03-08,550.2185109001417
2013-03-09,525.9854539184165
2013-03-10,554.1899004307629
2013-03-11,476.2579869104002
2013-03-12,480.53578787086093
2013-03-13,476.96576369126774
2013-03-14,474.91727034505146
2013-03-15,391.639786061698
2013-03-16,631.5866524192552
2013-03-17,1029.477373740128
2013-03-18,826.5692583314845
2013-03-19,648.1908862681516
2013-03-20,540.5979214941335
2013-03-21,521.2617752661737
2013-03-22,422.01528147980645
2013-03-23,365.9502155409664
2013-03-24,299.00185324476115
2013-03-25,294.25457540557966
2013-03-26,266.2038522864991
2013-03-27,263.08421364688087
2013-03-28,234.04306470605468
2013-03-29,237.41927473077757
2013-03-30,341.47818489672494
2013-03-31,324.663053645924
2013-04-01,341.14799488556656
2013-04-02,347.50611292987503
2013-04-03,327.110743295492
2013-04-04,310.9433001470981
2013-04-05,310.94330014709806
2013-04-06,380.01940960364885
2013-04-07,406.60902743491897
2013-04-08,383.17309770203974
2013-04-09,367.7136526155871
2013-04-10,379.3114109191929
2013-04-11,371.01940848433907
2013-04-12,328.3216825140843
2013-04-13,374.8924976730795
2013-04-14,393.40931678993246
2013-04-15,362.887903343998
2013-04-16,355.20514386122943
2013-04-17,324.7053929345041
2013-04-18,346.18417246397615
2013-04-19,358.6142105602264
2013-04-20,382.01552865758896
2013-04-21,305.2213170731172
2013-04-22,326.61665360129786
2013-04-23,326.200334685814
2013-04-24,298.26522722631864
2013-04-25,332.8260993856658
2013-04-26,271.10473049786015
2013-04-27,329.2611566061224
2013-04-28,314.8459076365028
2013-04-29,313.0794415958206
2013-04-30,295.16168718892567
2013-05-01,297.121046348785
2013-05-02,290.3302605236186
2013-05-03,303.2502436553364
2013-05-04,277.72083986749163
2013-05-05,280.62835781872343
2013-05-06,256.0
2013-05-07,
2013-05-08,
2013-05-09,
2013-05-10,
2013-05-11,
2013-05-12,
2013-05-13,
2013-05-14,
2013-05-15,
2013-05-16,
2013-05-17,463.0
2013-05-18,401.8301283214569
2013-05-19,349.88716552302907
2013-05-20,349.88716552302907
2013-05-21,453.907628006438
2013-05-22,401.12332459170045
2013-05-23,376.5919906296851
2013-05-24,347.17035988095756
2013-05-25,385.13785060893923
2013-05-26,361.36174871700666
2013-05-27,328.2877402016443
2013-05-28,308.819737065189
2013-05-29,281.539811791714
2013-05-30,275.4396056847393
2013-05-31,274.39428161879016
2013-06-01,317.4921817076552
2013-06-02,280.41181717270416
2013-06-03,181.73595224913367
2013-06-04,203.90043238808732
2013-06-05,290.40966892463643
2013-06-06,227.09145480529122
2013-06-07,227.09145480529122
2013-06-08,301.7088835035145
2013-06-09,306.62115171096775
2013-06-10,793.0576042996498
2013-06-11,664.3221322548358
2013-06-12,540.3174734920511
2013-06-13,456.6579941213735
2013-06-14,466.44923633573484
2013-06-15,400.6456439116224
2013-06-16,303.75897698299354
2013-06-17,258.47148580666817
2013-06-18,270.650556465864
2013-06-19,228.7942045327536
2013-06-20,176.93385851504965
2013-06-21,247.90725189690278
2013-06-22,243.1126507821912
2013-06-23,952.7169856354897
2013-06-24,763.0672615574085
2013-06-25,650.2105706629366
2013-06-26,672.7587815704104
2013-06-27,463.7691892575174
2013-06-28,407.3421325421267
2013-06-29,298.2011156095335
2013-06-30,262.04581329662466
2013-07-01,295.78763848865697
2013-07-02,253.81982815111078
2013-07-03,224.99675132172283
2013-07-04,207.8316928415468
2013-07-05,217.64475572462925
2013-07-06,300.95999323180183
2013-07-07,296.3439617069869
2013-07-08,494.7957932944448
2013-07-09,483.68607645411214
2013-07-10,930.6758983449726
2013-07-11,722.68824091369
2013-07-12,649.6914915198419
2013-07-13,561.4161087778576
2013-07-14,562.8550338067296
2013-07-15,596.3891097179707
2013-07-16,649.8660566848982
2013-07-17,680.9859737014223
2013-07-18,814.7117170919444
2013-07-19,874.0026487307799
2013-07-20,796.0120294349895
2013-07-21,664.5760072048232
2013-07-22,798.5412964964462
2013-07-23,969.015542293812
2013-07-24,961.8997526573789
2013-07-25,974.8021730298481
2013-07-26,754.362817106415
2013-07-27,964.6609799694438
2013-07-28,922.7412630229413
2013-07-29,950.2558450807596
2013-07-30,1052.3518861476125
2013-07-31,1767.7594318702256
2013-08-01,1957.181919372855
2013-08-02,1980.7983934580102
2013-08-03,2300.6227549057485
2013-08-04,2473.778388489341
2013-08-05,2601.7021601764664
2013-08-06,2429.4495255989027
2013-08-07,2565.432436608961
2013-08-08,2291.2331822811
2013-08-09,2346.076738187265
2013-08-10,2344.4888186371554
2013-08-11,2135.942912178534
2013-08-12,1903.7705883347314
2013-08-13,1902.695581406639
2013-08-14,1848.7659987131847
2013-08-15,1839.394453095442
2013-08-16,1737.1209670449252
2013-08-17,1703.7274092485331
2013-08-18,1776.6058204903468
2013-08-19,1806.3986466160957
2013-08-20,1792.7712635381995
2013-08-21,1620.8511420550567
2013-08-22,1688.3222071826751
2013-08-23,1581.6005275432994
2013-08-24,1582.039834640169
2013-08-25,1660.4979942450652
2013-08-26,1565.9918424074099
2013-08-27,1315.3100327770856
2013-08-28,1327.3542702323816
2013-08-29,1564.9321094833963
2013-08-30,1667.0861004040792
2013-08-31,1525.2205135390648
2013-09-01,1413.881757059674
2013-09-02,1357.6570903152701
2013-09-03,1231.0514886114665
2013-09-04,1083.5832533014666
2013-09-05,1078.4212596371794
2013-09-06,1071.458063421055
2013-09-07,997.8144206840233
2013-09-08,890.5480282417842
2013-09-09,897.5914176413539
2013-09-10,912.4305238399322
2013-09-11,1064.076959391565
2013-09-12,1031.0375422755205
2013-09-13,908.9504440406814
2013-09-14,767.6179382804343
2013-09-15,882.2783845867123
2013-09-16,778.8586574454926
2013-09-17,561.0152713030633
2013-09-18,684.4983801511181
2013-09-19,654.0218708168776
2013-09-20,606.0484642306408
2013-09-21,574.2786522331538
2013-09-22,630.2843580888225
2013-09-23,645.8631084637157
2013-09-24,702.0444629190217
2013-09-25,741.523285845841
2013-09-26,792.2967990457665
2013-09-27,740.1724569412592
2013-09-28,747.4197567818588
2013-09-29,726.3563331964156
2013-09-30,773.6993882109304
2013-10-01,685.9509435021282
2013-10-02,592.1458656877669
2013-10-03,564.7961176095044
2013-10-04,704.7945516046957
2013-10-05,653.5923657224558
2013-10-06,738.1170920520319
2013-10-07,871.8109707447063
2013-10-08,888.573631624421
2013-10-09,855.9368719262166
2013-10-10,938.3709832558523
2013-10-11,916.827291019642
2013-10-12,1000.4091848338568
2013-10-13,876.8779231825653
2013-10-14,833.2817769340045
2013-10-15,794.8964181027677
2013-10-16,856.2312946254946
2013-10-17,947.096491429807
2013-10-18,977.83607711074
2013-10-19,846.2746350218904
2013-10-20,796.7952659142644
2013-10-21,789.4222349317203
2013-10-22,750.5548060828496
2013-10-23,684.7960788660974
2013-10-24,689.4213952484514
2013-10-25,641.2926305278191
2013-10-26,604.3549001548092
2013-10-27,755.2102700341122
2013-10-28,681.2088966840231
2013-10-29,842.5712534151888
2013-10-30,758.5824801835339
2013-10-31,793.6265565818536
2013-11-01,821.2690598621983
2013-11-02,894.1702065374195
2013-11-03,739.6462134717219
2013-11-04,574.7046830490833
2013-11-05,589.8784207073005
2013-11-06,493.25175087145647
2013-11-07,564.606798806477
2013-11-08,439.2780820342094
2013-11-09,546.9552599154166
2013-11-10,487.07988909860256
2013-11-11,457.3958992575968
2013-11-12,612.6951372893635
2013-11-13,575.2649051086784
2013-11-14,732.5684707488322
2013-11-15,670.9348023748815
2013-11-16,666.4671181236486
2013-11-17,617.7494202370835
2013-11-18,612.0542183337834
2013-11-19,573.081524298568
2013-11-20,613.1950984442414
2013-11-21,581.5468815007365
2013-11-22,455.6418560468976
2013-11-23,494.6546312353422
2013-11-24,509.0211372337749
2013-11-25,634.1392535997907
2013-11-26,559.9431215670579
2013-11-27,609.0526281632546
2013-11-28,611.1875468767413
2013-11-29,562.6880637842883
2013-11-30,678.7078364620202
2013-12-01,633.4546759040462
2013-12-02,665.8941308042298
2013-12-03,632.6671012238819
2013-12-04,659.3466436492967
2013-12-05,668.2433369499295
2013-12-06,619.7164916523603
2013-12-07,720.3597806881777
2013-12-08,681.7403419016633
2013-12-09,718.5564693699521
2013-12-10,684.1637462221968
2013-12-11,787.0262040663787
2013-12-12,733.053124901806
2013-12-13,801.9916960769667
2013-12-14,842.366440820824
2013-12-15,736.9776525580268
2013-12-16,722.9246160968673
2013-12-17,619.6072134445053
2013-12-18,601.6998932469394
2013-12-19,569.0470997317532
2013-12-20,608.9284808373055
2013-12-21,611.2162685540662
2013-12-22,492.6876754587639
2013-12-23,513.5016713521849
2013-12-24,488.8118680824243
2013-12-25,498.9539650011383
2013-12-26,483.3020013801642
2013-12-27,558.2252644670192
2013-12-28,586.782241408321
2013-12-29,597.0434211001161
2013-12-30,580.0001315217943
2013-12-31,561.5804031598731
2014-01-01,638.2646429157908
2014-01-02,553.5370447394062
2014-01-03,614.0585387533756
2014-01-04,613.9582043988428
2014-01-05,581.9228112373663
2014-01-06,581.6232020753014
2014-01-07,544.4909386108195
2014-01-08,590.7739834586002
2014-01-09,601.4566076963747
2014-01-10,621.9839956576114
2014-01-11,587.7062409379682
2014-01-12,597.971875531769
2014-01-13,595.5974403962404
2014-01-14,618.6021492776481
2014-01-15,638.5529755241276
2014-01-16,665.689480550465
2014-01-17,754.2389799698211
2014-01-18,737.1327925061742
2014-01-19,731.5742465666143
2014-01-20,779.6812693848287
2014-01-21,821.6814260085233
2014-01-22,871.3371174265098
2014-01-23,734.4267693647532
2014-01-24,832.0093633669275
2014-01-25,977.6396999666499
2014-01-26,999.175357707612
2014-01-27,916.3831147348308
2014-01-28,981.7102968216581
2014-01-29,1010.1869315030759
2014-01-30,997.3002373959177
2014-01-31,1018.344014413387
2014-02-01,974.7689522330645
2014-02-02,1052.5697154803402
2014-02-03,1030.7182880363996
2014-02-04,981.8529963408516
2014-02-05,987.9749273863653
2014-02-06,992.4928670709919
2014-02-07,1027.6174530082128
2014-02-08,952.9927924589589
2014-02-09,975.4172602173747
2014-02-10,947.46382379832
2014-02-11,942.6579977650997
2014-02-12,916.544440853854
2014-02-13,946.0040439849246
2014-02-14,952.5644301030537
2014-02-15,1023.6219626229342
2014-02-16,1024.79068853484
2014-02-17,984.8809365724553
2014-02-18,1063.618391820528
2014-02-19,984.6844032009527
2014-02-20,977.1772420024895
2014-02-21,892.816726499625
2014-02-22,847.6389463036882
2014-02-23,769.3742403665483
2014-02-24,815.9929623581111
2014-02-25,825.052365706005
2014-02-26,826.4744602938445
2014-02-27,930.2324862229565
2014-02-28,1068.4026340591531
2014-03-01,1107.4582439199335
2014-03-02,1162.967236993971
2014-03-03,1187.233784633469
2014-03-04,1043.6657775661517
2014-03-05,861.3895235587756
2014-03-06,843.7666171778014
2014-03-07,802.3698326203422
2014-03-08,743.3297476133627
2014-03-09,666.8152456483112
2014-03-10,600.3356280530063
2014-03-11,586.5425521546041
2014-03-12,614.3039207348996
2014-03-13,676.4496136078956
2014-03-14,596.7261814397143
2014-03-15,561.6630705858107
2014-03-16,523.6348100430179
2014-03-17,556.5580102178145
2014-03-18,536.2582758428248
2014-03-19,539.8529521123933
2014-03-20,525.9530590676032
2014-03-21,442.87755677141587
2014-03-22,481.03411049751617
2014-03-23,472.25784697998523
2014-03-24,432.9364988410511
2014-03-25,371.1714443173753
2014-03-26,368.5087040574754
2014-03-27,386.5311651553948
2014-03-28,324.85261185883996
2014-03-29,337.2432103972699
2014-03-30,317.12776458989396
2014-03-31,357.47163648151053
2014-04-01,361.1524951003966
2014-04-02,378.079367809695
2014-04-03,396.229306024189
2014-04-04,487.5861970154846
2014-04-05,446.80026547697855
2014-04-06,404.4183964196561
2014-04-07,415.76980850032305
2014-04-08,400.3356038052523
2014-04-09,411.0237106778099
2014-04-10,400.3421564975998
2014-04-11,370.48829890173505
2014-04-12,351.2432984294096
2014-04-13,354.10418813278324
2014-04-14,377.9868503792767
2014-04-15,332.0495220419895
2014-04-16,359.3188643064974
2014-04-17,444.28640428657263
2014-04-18,455.492707343922
2014-04-19,409.0049472288354
2014-04-20,404.05523491345434
2014-04-21,423.6921628336735
2014-04-22,385.42367997398543
2014-04-23,412.8438376444803
2014-04-24,398.3739347750021
2014-04-25,412.4299406005089
2014-04-26,375.4362011638359
2014-04-27,361.1048277846777
2014-04-28,380.6724730303692
2014-04-29,361.46092998770416
2014-04-30,374.12245828467513
2014-05-01,420.1201221788892
2014-05-02,429.2179501243341
2014-05-03,428.5779184851569
2014-05-04,387.10563475108717
2014-05-05,374.0303571599397
2014-05-06,386.64284455700533
2014-05-07,342.0053673072517
2014-05-08,250.513492324015
2014-05-09,295.3861548760442
2014-05-10,249.62091186251686
2014-05-11,278.7373480975355
2014-05-12,279.7896253893446
2014-05-13,270.616437153321
2014-05-14,314.46127687653666
2014-05-15,274.4185833418013
2014-05-16,298.9483496276649
2014-05-17,286.2126735999329
2014-05-18,327.33150702111016
2014-05-19,325.882997051294
2014-05-20,328.4617258165489
2014-05-21,322.75651989098566
2014-05-22,371.32936039245163
2014-05-23,388.33928869526295
2014-05-24,361.2051783800365
2014-05-25,385.0002568707671
2014-05-26,705.3130457646421
2014-05-27,779.4821443604066
2014-05-28,860.5550277117302
2014-05-29,880.9885109389111
2014-05-30,800.6998602134344
2014-05-31,807.2974924753223
2014-06-01,698.6941055382139
2014-06-02,571.0573762831477
2014-06-03,487.1053935467518
2014-06-04,377.4999644962829
2014-06-05,342.0573749196086
2014-06-06,324.09295168758047
2014-06-07,304.46504013574685
2014-06-08,326.67394221198737
2014-06-09,307.2412017300494
2014-06-10,299.6979671031225
2014-06-11,323.9413455328999
2014-06-12,338.38828417373657
2014-06-13,314.70652174239285
2014-06-14,353.7049330072635
2014-06-15,394.53394897601765
2014-06-16,333.86671979033036
2014-06-17,427.3409962113552
2014-06-18,453.5861050871359
2014-06-19,738.181208190196
2014-06-20,782.1877956301604
2014-06-21,796.3729610780985
2014-06-22,794.0586801993694
2014-06-23,827.2122025023547
2014-06-24,827.2758534566542
2014-06-25,884.0858205134987
2014-06-26,1230.4969161610813
2014-06-27,1093.36451923426
2014-06-28,1037.6975947827043
2014-06-29,966.2293705147655
2014-06-30,899.3398580133104
2014-07-01,814.4329630776465
2014-07-02,757.2395440664828
2014-07-03,718.0158066019059
2014-07-04,1019.4933749899069
2014-07-05,956.5090169830506
2014-07-06,768.262925484869
2014-07-07,695.5555623123408
2014-07-08,575.2565691483106
2014-07-09,626.6401429808911
2014-07-10,561.2891644815729
2014-07-11,632.8708856542476
2014-07-12,876.5711919759431
2014-07-13,1355.7411984480038
2014-07-14,1756.271800409243
2014-07-15,1879.4688307423455
2014-07-16,1962.166879412586
2014-07-17,2070.8777922196386
2014-07-18,2055.1379128684393
2014-07-19,2167.790720795239
2014-07-20,2070.931916052938
2014-07-21,2129.136296993917
2014-07-22,2619.3400050109653
2014-07-23,3011.5752071212914
2014-07-24,3177.0064534637545
2014-07-25,3248.938268361716
2014-07-26,2936.2668255998165
2014-07-27,2830.3075609013185
2014-07-28,2804.8264601957526
2014-07-29,3172.2266433878417
2014-07-30,2921.0156603530572
2014-07-31,3070.155697419206
2014-08-01,3006.810219485596
2014-08-02,2871.742932423295
2014-08-03,2736.3519414012544
2014-08-04,2705.390186378352
2014-08-05,3041.9793854139766
2014-08-06,3315.3871447208303
2014-08-07,3265.7120156480605
2014-08-08,2895.2423357838907
2014-08-09,2320.025923966417
2014-08-10,2205.396045534347
2014-08-11,2302.0930302880847
2014-08-12,2292.3876018162
2014-08-13,2161.543951489439
2014-08-14,2199.1075918196975
2014-08-15,2339.8796861632004
2014-08-16,2326.922698960626
2014-08-17,2239.77137098543
2014-08-18,2086.1631974207203
2014-08-19,1975.9136822635578
2014-08-20,1788.5515220216216
2014-08-21,1554.1215691090983
2014-08-22,1414.5128541452823
2014-08-23,1366.2113826601048
2014-08-24,1294.3171903559848
2014-08-25,1183.0327272781558
2014-08-26,1104.631377254192
2014-08-27,1034.0890083926377
2014-08-28,1017.6453353829311
2014-08-29,996.0841036933002
2014-08-30,846.7096965670752
2014-08-31,788.3323557001703
2014-09-01,766.4850541209622
2014-09-02,690.4689159764577
2014-09-03,836.2902383177144
2014-09-04,931.7180202647768
2014-09-05,1015.1436387361479
2014-09-06,1035.6479588689951
2014-09-07,1101.819859842412
2014-09-08,1043.9879437294578
2014-09-09,1148.7886715385923
2014-09-10,1062.7434720975793
2014-09-11,1047.4970844313384
2014-09-12,999.5075309873322
2014-09-13,978.9441228807079
2014-09-14,977.9762472391637
2014-09-15,834.3382371844368
2014-09-16,797.7296507614514
2014-09-17,892.0131791123114
2014-09-18,895.7781590390067
2014-09-19,807.0237878324693
2014-09-20,804.7206617878662
2014-09-21,826.984520762355
2014-09-22,799.4754774308917
2014-09-23,1028.0510640233506
2014-09-24,1032.8212671562112
2014-09-25,1068.1078324595617
2014-09-26,995.5417634193567
2014-09-27,974.276509112582
2014-09-28,922.640997875879
2014-09-29,749.0731991300208
2014-09-30,703.8014289980133
2014-10-01,620.4680015692409
2014-10-02,672.4933413902147
2014-10-03,664.5893906417489
2014-10-04,593.5243512492558
2014-10-05,619.6602178657448
2014-10-06,579.0360636360895
2014-10-07,528.2371837376464
2014-10-08,481.2187050721892
2014-10-09,533.760006123443
2014-10-10,504.2824456359691
2014-10-11,524.3154212890505
2014-10-12,457.43364580332894
2014-10-13,441.4021846523074
2014-10-14,457.4097967009813
2014-10-15,536.4444370972271
2014-10-16,879.6549663651027
2014-10-17,777.5766267709956
2014-10-18,903.8102367237436
2014-10-19,906.3300523312043
2014-10-20,859.9000649065713
2014-10-21,884.0311655305189
2014-10-22,733.2662039769403
2014-10-23,767.2996438290431
2014-10-24,744.8112900743372
2014-10-25,674.189288137946
2014-10-26,603.3023951936644
2014-10-27,594.3091916880757
2014-10-28,554.1132599752628
2014-10-29,622.290861191939
2014-10-30,659.6052254216232
2014-10-31,615.1211086524356
2014-11-01,668.2420864740939
2014-11-02,661.1382384168045
2014-11-03,754.4461512456852
2014-11-04,698.4497582950036
2014-11-05,724.2111623566835
2014-11-06,716.1285161077137
2014-11-07,692.8952972406504
2014-11-08,768.7843719061796
2014-11-09,647.0070240947202
2014-11-10,581.5614339334114
2014-11-11,523.9284094455359
2014-11-12,581.8942281345903
2014-11-13,522.3651107449716
2014-11-14,562.1926774196738
2014-11-15,620.2280880027184
2014-11-16,475.30504054464365
2014-11-17,565.5235567493061
2014-11-18,592.209735245161
2014-11-19,591.5946567154558
2014-11-20,527.4306277955778
2014-11-21,590.1530599438066
2014-11-22,541.5126050097316
2014-11-23,498.8224450993613
2014-11-24,571.541587255602
2014-11-25,435.11723846682855
2014-11-26,509.6724844646864
2014-11-27,509.9766005690283
2014-11-28,494.19249217605727
2014-11-29,549.3479018577434
2014-11-30,726.21422417639
2014-12-01,699.1858341433709
2014-12-02,689.0618273919624
2014-12-03,770.346750298862
2014-12-04,667.4348705919182
2014-12-05,674.5126140828421
2014-12-06,616.851558268609
2014-12-07,659.1606767144145
2014-12-08,690.9930829441385
2014-12-09,694.4534684320957
2014-12-10,704.1572394298929
2014-12-11,606.7797091126228
2014-12-12,597.1606204833895
2014-12-13,542.8255970805544
2014-12-14,518.2756318152371
2014-12-15,570.5264991153354
2014-12-16,615.2502232263446
2014-12-17,696.9801001206132
2014-12-18,693.2970342373735
2014-12-19,687.3665919946787
2014-12-20,723.3985493852431
2014-12-21,748.7770552909543
2014-12-22,668.6850332793776
2014-12-23,674.9687574248455
2014-12-24,656.2513590152693
2014-12-25,569.7942316933041
2014-12-26,580.4892548199703
2014-12-27,571.8425389381925
2014-12-28,617.917509004018
2014-12-29,630.343246546343
2014-12-30,650.3018378190299
2014-12-31,574.9903557878822
2015-01-01,660.9453361395708
2015-01-02,703.5440580054853
2015-01-03,615.0882579296017
2015-01-04,656.8054475212488
2015-01-05,678.8856074251223
2015-01-06,738.8632365943737
2015-01-07,784.7329641470842
2015-01-08,735.0968466162286
2015-01-09,850.4223749362751
2015-01-10,912.3827583349166
2015-01-11,1052.1960051384842
2015-01-12,1141.1690933175316
2015-01-13,1122.313442944826
2015-01-14,1021.4866067965027
2015-01-15,1070.2616875063534
2015-01-16,1114.547587941527
2015-01-17,1159.7741806803754
2015-01-18,1230.2335986606927
2015-01-19,1348.4558753603262
2015-01-20,1338.0972271239125
2015-01-21,1224.307518298953
2015-01-22,1334.4785896943176
2015-01-23,1234.6892458348502
2015-01-24,1070.5210756161055
2015-01-25,1154.1259725855095
2015-01-26,1129.7286891054998
2015-01-27,1262.832539127488
2015-01-28,1313.4709799884217
2015-01-29,1311.569887657297
2015-01-30,1257.627375697706
2015-01-31,1280.915100699084
2015-02-01,1283.2829586480993
2015-02-02,1221.5853675619321
2015-02-03,1294.6399034658282
2015-02-04,1457.5636918276828
2015-02-05,1482.8686761758654
2015-02-06,1375.288626794369
2015-02-07,1371.5369961732933
2015-02-08,1283.859368790677
2015-02-09,1142.5318625204632
2015-02-10,1176.1099034141728
2015-02-11,1133.782370225242
2015-02-12,1095.8569796285126
2015-02-13,1155.924539754885
2015-02-14,1201.3998225103128
2015-02-15,1185.669116204052
2015-02-16,1134.0214502220854
2015-02-17,1107.820027298804
2015-02-18,1126.199531484498
2015-02-19,1197.7999034624595
2015-02-20,1180.0493550038018
2015-02-21,1177.971074663153
2015-02-22,1130.1661936748053
2015-02-23,1121.6626662473404
2015-02-24,1032.4597612807731
2015-02-25,980.8501528888747
2015-02-26,955.3116334915361
2015-02-27,890.586424989873
2015-02-28,903.3530338179304
2015-03-01,887.7020098925321
2015-03-02,932.8351426861195
2015-03-03,882.905720205284
2015-03-04,833.0817842628536
2015-03-05,807.9800473285002
2015-03-06,730.4121420151256
2015-03-07,716.7019347467161
2015-03-08,710.1222682747273
2015-03-09,686.1549348959317
2015-03-10,560.1533787809097
2015-03-11,626.1484691944213
2015-03-12,599.9957594595842
2015-03-13,539.9888324700588
2015-03-14,556.2566789349817
2015-03-15,556.2566789349817
2015-03-16,561.2608411393306
2015-03-17,567.8271951899821
2015-03-18,576.1116179939437
2015-03-19,548.7881752750665
2015-03-20,557.4937615907261
2015-03-21,526.9402133192717
2015-03-22,501.53234625978405
2015-03-23,542.5795730260385
2015-03-24,541.851033967678
2015-03-25,571.2302782276164
2015-03-26,575.650872109807
2015-03-27,576.8529441290488
2015-03-28,497.4279691540709
2015-03-29,501.8988194644873
2015-03-30,509.3647723710028
2015-03-31,506.046927782055
2015-04-01,498.58332850129483
2015-04-02,558.6830021998853
2015-04-03,558.6830021998853
2015-04-04,571.4015330875304
2015-04-05,580.0290080381336
2015-04-06,454.29598377093674
2015-04-07,577.9420447860126
2015-04-08,561.1329330728923
2015-04-09,665.9295622940577
2015-04-10,606.2864039789798
2015-04-11,471.5295082969863
2015-04-12,569.8992131823404
2015-04-13,586.6621762750724
2015-04-14,1202.4647734543687
2015-04-15,1024.3375474631243
2015-04-16,849.4650151857625
2015-04-17,760.9347616426274
2015-04-18,685.1855339663257
2015-04-19,639.6902433606418
2015-04-20,572.3104593871225
2015-04-21,475.76914216722514
2015-04-22,500.59718552275154
2015-04-23,511.93413060398694
2015-04-24,507.5770860754033
2015-04-25,624.2714145987062
2015-04-26,653.4128048027111
2015-04-27,546.722872566262
2015-04-28,808.799514878057
2015-04-29,802.8161492906117
2015-04-30,800.1307908107069
2015-05-01,809.8536479143188
2015-05-02,822.3563266377918
2015-05-03,900.375000350912
2015-05-04,870.7788033880238
2015-05-05,820.0887099652978
2015-05-06,715.6060784610191
2015-05-07,672.6988459198777
2015-05-08,646.5698606803361
2015-05-09,608.9388452809773
2015-05-10,657.3815650414199
2015-05-11,573.2313200433181
2015-05-12,608.6563658371083
2015-05-13,479.2083490531602
2015-05-14,489.1372296225717
2015-05-15,468.7074765966507
2015-05-16,520.722317213436
2015-05-17,466.264358680586
2015-05-18,467.6315489870965
2015-05-19,494.14033403391267
2015-05-20,511.07088926675607
2015-05-21,582.6315675245604
2015-05-22,597.6001821652131
2015-05-23,591.0376870895839
2015-05-24,579.0814909970552
2015-05-25,494.66449507636304
2015-05-26,499.2303693323595
2015-05-27,479.4382463675574
2015-05-28,536.9760735630791
2015-05-29,485.9221601277877
2015-05-30,479.5993894080357
2015-05-31,741.8136686937191
2015-06-01,621.3124034833327
2015-06-02,581.0701948092661
2015-06-03,587.4179119040218
2015-06-04,487.31216649297016
2015-06-05,565.1127430790557
2015-06-06,677.1258542625103
2015-06-07,608.8630275645118
2015-06-08,609.4080990222792
2015-06-09,590.344385536975
2015-06-10,578.307735147159
2015-06-11,641.3506320224659
2015-06-12,639.414003365074
2015-06-13,568.9559408528419
2015-06-14,457.0085101331057
2015-06-15,455.89798801271934
2015-06-16,425.4546705036617
2015-06-17,375.49204235413345
2015-06-18,359.2681922940248
2015-06-19,359.26819229402474
2015-06-20,386.90915631691445
2015-06-21,438.82057606493004
2015-06-22,619.6537282786963
2015-06-23,1053.963787384504
2015-06-24,1665.061456157106
2015-06-25,1864.124461026728
2015-06-26,2060.592469176044
2015-06-27,2234.045930238263
2015-06-28,2310.360671891437
2015-06-29,2315.0017096068027
2015-06-30,1921.9335342975735
2015-07-01,1818.6073370860531
2015-07-02,1627.18097541938
2015-07-03,1611.8810415994421
2015-07-04,1496.5688272050786
2015-07-05,1411.6348183836408
2015-07-06,1309.8923617915016
2015-07-07,1334.2917934975292
2015-07-08,1272.6388714827485
2015-07-09,1307.0372199964079
2015-07-10,1484.4744549601849
2015-07-11,2025.7609139781835
2015-07-12,2488.398052767156
2015-07-13,2608.0377156725704
2015-07-14,2629.4288891909932
2015-07-15,2531.366816817695
2015-07-16,2729.4106680525606
2015-07-17,2890.2388762073306
2015-07-18,2903.4882993308584
2015-07-19,2909.2110502338523
2015-07-20,2887.582937057147
2015-07-21,2723.243484473968
2015-07-22,2319.5011079784945
2015-07-23,1709.7528319445407
2015-07-24,1794.6400919012697
2015-07-25,2074.6968058570947
2015-07-26,2307.0805314439613
2015-07-27,2451.727561316597
2015-07-28,2481.825996628474
2015-07-29,2453.4587718915036
2015-07-30,2426.7810563231606
2015-07-31,2279.831159665059
2015-08-01,2234.2286612867706
2015-08-02,1879.2026007530387
2015-08-03,1858.7232885733074
2015-08-04,1924.5185843451854
2015-08-05,2254.9156724313884
2015-08-06,2258.505726934432
2015-08-07,2407.323680678252
2015-08-08,2420.2162310601075
2015-08-09,2275.1644930654666
2015-08-10,2143.857479637776
2015-08-11,2196.3887381429004
2015-08-12,2155.666727964211
2015-08-13,2194.1527130924405
2015-08-14,2101.726841929168
2015-08-15,2101.726841929168
2015-08-16,1956.216457174175
2015-08-17,1915.8023290612102
2015-08-18,1918.5647161787595
2015-08-19,1858.616464538438
2015-08-20,1849.0707869738535
2015-08-21,1781.87902805159
2015-08-22,1781.8790280515898
2015-08-23,1489.8532608549972
2015-08-24,1466.9163143809699
2015-08-25,1303.0857472971934
2015-08-26,1132.9742372645062
2015-08-27,1058.745719078418
2015-08-28,939.2595619838057
2015-08-29,914.0653575517832
2015-08-30,897.1679339563403
2015-08-31,872.0631811238261
2015-09-01,876.6766023464926
2015-09-02,812.9891927595564
2015-09-03,935.6475922129018
2015-09-04,926.4625929586922
2015-09-05,929.1586335659323
2015-09-06,896.4373365434438
2015-09-07,896.4373365434437
2015-09-08,917.9512948173133
2015-09-09,878.9559783895722
2015-09-10,788.9326020264825
2015-09-11,681.189240401139
2015-09-12,707.8437028084985
2015-09-13,629.4554919523553
2015-09-14,605.1415105351099
2015-09-15,566.0337402183366
2015-09-16,555.9637350081701
2015-09-17,585.3385520620612
2015-09-18,486.3528119609316
2015-09-19,672.9149904662834
2015-09-20,716.9911874324479
2015-09-21,927.8883800951003
2015-09-22,1092.2155249906534
2015-09-23,1189.4596813296455
2015-09-24,1345.4776524831893
2015-09-25,1458.4339642067866
2015-09-26,1460.6455881927277
2015-09-27,1326.3135502259775
2015-09-28,1222.107683842131
2015-09-29,962.0994508014874
2015-09-30,951.8165830156096
2015-10-01,864.5899542988332
2015-10-02,870.4321243259697
2015-10-03,877.9001270230506
2015-10-04,717.3229820171941
2015-10-05,773.4342693745034
2015-10-06,748.5753916826139
2015-10-07,764.82291214196
2015-10-08,761.8672116746521
2015-10-09,810.6500377433148
2015-10-10,844.5619064227225
2015-10-11,973.5698813537101
2015-10-12,974.616447774278
2015-10-13,845.9104332573907
2015-10-14,841.0160284961431
2015-10-15,702.1172479706476
2015-10-16,661.6866014903218
2015-10-17,669.2519909794818
2015-10-18,665.2686765168951
2015-10-19,720.1986776873733
2015-10-20,743.383177403236
2015-10-21,760.1494886064389
2015-10-22,708.9021490877701
2015-10-23,731.8320120393964
2015-10-24,725.2685303689849
2015-10-25,771.1962715983823
2015-10-26,761.2210375724142
2015-10-27,779.2224097469858
2015-10-28,804.1084573723941
2015-10-29,758.7380017955877
2015-10-30,853.5614336214778
2015-10-31,876.6202436977125
2015-11-01,774.2927096083508
2015-11-02,779.9932902188598
2015-11-03,778.2182784777964
2015-11-04,804.8490722880684
2015-11-05,766.500623276683
2015-11-06,791.9975822359849
2015-11-07,721.248546372535
2015-11-08,787.1055862837394
2015-11-09,779.4387146358506
2015-11-10,779.4387146358506
2015-11-11,781.6763171928817
2015-11-12,755.7059898148835
2015-11-13,766.1758836789178
2015-11-14,734.4273091243084
2015-11-15,751.5534160791831
2015-11-16,698.8502873459337
2015-11-17,706.7450102468763
2015-11-18,691.9874058239224
2015-11-19,691.4988006857083
2015-11-20,746.3233363607824
2015-11-21,637.1775286581187
2015-11-22,673.6744060972715
2015-11-23,672.7318182526018
2015-11-24,662.1525954803521
2015-11-25,702.5684055557119
2015-11-26,702.5684055557118
2015-11-27,738.3690349606317
2015-11-28,748.0922529606344
2015-11-29,805.9897043275861
2015-11-30,771.0402324647928
2015-12-01,765.0621650472867
2015-12-02,702.7428817037379
2015-12-03,694.9758667279135
2015-12-04,717.40525002211
2015-12-05,716.5802409245496
2015-12-06,787.6462952291657
2015-12-07,712.7357588506187
2015-12-08,779.6412580150123
2015-12-09,769.0353971645679
2015-12-10,811.6789428560254
2015-12-11,766.6617216038914
2015-12-12,707.7530051682384
2015-12-13,657.0685353973336
2015-12-14,627.7490817613291
2015-12-15,715.1609305267823
2015-12-16,624.2833343820586
2015-12-17,600.7852131674156
2015-12-18,714.2338095218054
2015-12-19,751.237435484062
2015-12-20,710.9708761306692
2015-12-21,586.9946722165653
2015-12-22,654.9410783324154
2015-12-23,545.1240135630184
2015-12-24,686.6903658108374
2015-12-25,695.7728580882708
2015-12-26,794.7413447142155
2015-12-27,821.3163362258609
2015-12-28,851.8093887945514
2015-12-29,871.7823891240099
2015-12-30,910.8053666054057
2015-12-31,904.7287858538708
2016-01-01,830.6319226178131
2016-01-02,762.4238031716774
2016-01-03,786.2862505899067
2016-01-04,842.0960832858115
2016-01-05,880.6853183604939
2016-01-06,878.6950696304118
2016-01-07,879.0839870670819
2016-01-08,786.4305302157154
2016-01-09,858.8006659747431
2016-01-10,862.9589239476645
2016-01-11,786.197843983443
2016-01-12,914.8329324948165
2016-01-13,955.1843379139837
2016-01-14,986.5477751191642
2016-01-15,1048.2690340983193
2016-01-16,1043.314847452083
2016-01-17,917.2473523448092
2016-01-18,906.7956119532521
2016-01-19,829.7039937973065
2016-01-20,932.949687747062
2016-01-21,1058.1660245231762
2016-01-22,1054.4464911852576
2016-01-23,1111.1950299039927
2016-01-24,1056.1666982372299
2016-01-25,1140.3627117259482
2016-01-26,1143.1733776336962
2016-01-27,1193.678733264234
2016-01-28,1212.6412215625814
2016-01-29,1212.6412215625814
2016-01-30,1211.1671642417466
2016-01-31,1228.2259182804705
2016-02-01,1126.5401366538918
2016-02-02,1101.0270605237074
2016-02-03,1045.0610725531594
2016-02-04,1117.3737698969608
2016-02-05,1210.349584757677
2016-02-06,1247.3869936718388
2016-02-07,1070.5347066412312
2016-02-08,1137.228679926347
2016-02-09,1095.7830837832105
2016-02-10,1119.67891996209
2016-02-11,1055.622036596514
2016-02-12,1043.8099027663827
2016-02-13,1047.9272860860958
2016-02-14,1064.0739577126806
2016-02-15,1000.1565408449525
2016-02-16,1000.2815986499028
2016-02-17,1056.072951635159
2016-02-18,950.2666243070757
2016-02-19,923.2456438956823
2016-02-20,945.9124580896438
2016-02-21,902.2277968795246
2016-02-22,858.4189979531079
2016-02-23,875.5524695256478
2016-02-24,852.1606992058536
2016-02-25,744.1647155921469
2016-02-26,824.4596175508701
2016-02-27,725.052130865839
2016-02-28,781.940442409945
2016-02-29,746.5065353653707
2016-03-01,721.8170426358979
2016-03-02,754.8026487864829
2016-03-03,766.0189590560036
2016-03-04,714.9615152416701
2016-03-05,663.8651849113065
2016-03-06,598.1326685754176
2016-03-07,553.6747225990106
2016-03-08,551.5682407333649
2016-03-09,555.7491007543426
2016-03-10,544.5271337960927
2016-03-11,531.6214992245991
2016-03-12,772.9003543895445
2016-03-13,742.5366878920993
2016-03-14,719.4351373013584
2016-03-15,660.4282688179096
2016-03-16,597.7115455261202
2016-03-17,635.3254787940796
2016-03-18,593.9970644140285
2016-03-19,530.0379425880534
2016-03-20,532.9664318891641
2016-03-21,512.6764158135295
2016-03-22,510.79336624030907
2016-03-23,523.2599504812742
2016-03-24,486.7308227344322
2016-03-25,537.5081934416826
2016-03-26,589.3361191725073
2016-03-27,578.15512064335
2016-03-28,549.7338394750421
2016-03-29,540.7592247012983
2016-03-30,530.6606252103448
2016-03-31,655.466317590363
2016-04-01,552.2406895240015
2016-04-02,519.8815800116229
2016-04-03,501.7369381339459
2016-04-04,537.6998928611179
2016-04-05,889.374551680078
2016-04-06,815.4524555453263
2016-04-07,861.7864724059497
2016-04-08,709.9077832607425
2016-04-09,682.9227000713212
2016-04-10,645.3194362481358
2016-04-11,611.0147220604971
2016-04-12,577.0029880067783
2016-04-13,578.6097074186321
2016-04-14,589.3282863551241
2016-04-15,593.1602295431002
2016-04-16,591.9599996140972
2016-04-17,573.7170860944397
2016-04-18,575.5236157059696
2016-04-19,575.8131835419755
2016-04-20,575.2224500491909
2016-04-21,613.4997627263025
2016-04-22,633.9000872472596
2016-04-23,634.7966629143033
2016-04-24,604.4606931498776
2016-04-25,616.3199355936102
2016-04-26,601.6653314452157
2016-04-27,636.9282027395267
2016-04-28,666.2923758147145
2016-04-29,653.5523072319659
2016-04-30,625.4692680720339
2016-05-01,625.4124050276902
2016-05-02,551.0702640464581
2016-05-03,591.6549480484608
2016-05-04,586.2267610052622
2016-05-05,577.1304874158924
2016-05-06,574.3545343511416
2016-05-07,602.3589151985424
2016-05-08,514.4336526009936
2016-05-09,535.2154706664098
2016-05-10,491.2748589410164
2016-05-11,417.77052844134874
2016-05-12,458.32118889626605
2016-05-13,475.48536361884146
2016-05-14,451.7340943580238
2016-05-15,443.90471193584307
2016-05-16,433.2720515526767
2016-05-17,562.0802942891212
2016-05-18,545.1751403038757
2016-05-19,481.66448595133886
2016-05-20,480.2741965310665
2016-05-21,477.8666722486796
2016-05-22,754.6583060498223
2016-05-23,677.1843273375194
2016-05-24,617.8888101195951
2016-05-25,561.6555967730479
2016-05-26,569.0158204429355
2016-05-27,713.4090262966524
2016-05-28,647.6101600746537
2016-05-29,610.7760216596985
2016-05-30,554.4539099575878
2016-05-31,511.0990348048589
2016-06-01,475.99881076740746
2016-06-02,402.40738506048103
2016-06-03,474.8672340922452
2016-06-04,443.04785113544483
2016-06-05,436.7497393366449
2016-06-06,377.12389073940693
2016-06-07,336.4824325505204
2016-06-08,369.88983351877476
2016-06-09,419.0801870783998
2016-06-10,524.2805591220325
2016-06-11,442.7451338542064
2016-06-12,450.98677445954615
2016-06-13,430.5256708201447
2016-06-14,592.4546835648783
2016-06-15,535.5483166745636
2016-06-16,479.57987700770104
2016-06-17,541.7747625506705
2016-06-18,494.51654275936056
2016-06-19,477.23831159620795
2016-06-20,479.80006026391476
2016-06-21,459.7812885383729
2016-06-22,468.04489497006597
2016-06-23,384.97320223328904
2016-06-24,478.66233887327746
2016-06-25,455.54720870109355
2016-06-26,468.31144303958763
2016-06-27,432.91819518886433
2016-06-28,526.8026862832761
2016-06-29,492.68632475635366
2016-06-30,411.4786841839822
2016-07-01,387.7729855159409
2016-07-02,326.88760201120374
2016-07-03,460.64460936729046
2016-07-04,424.86466487020624
2016-07-05,573.7680025149405
2016-07-06,688.9167511958625
2016-07-07,797.0966348803362
2016-07-08,816.9028977727341
2016-07-09,783.4415250767763
2016-07-10,713.4269002656197
2016-07-11,611.744205296788
2016-07-12,636.0692940794911
2016-07-13,683.7560140310457
2016-07-14,679.3103772538254
2016-07-15,637.6360028836688
2016-07-16,483.2445469135595
2016-07-17,832.7538236902984
2016-07-18,787.7922662370952
2016-07-19,966.9658133858934
2016-07-20,1078.6149943799414
2016-07-21,1262.9414642013978
2016-07-22,1501.2688116785612
2016-07-23,1561.354808613471
2016-07-24,1655.9274746454123
2016-07-25,1440.8620356549204
2016-07-26,1267.9425810538762
2016-07-27,1358.3496543974038
2016-07-28,1461.2624064771207
2016-07-29,1557.6318784916737
2016-07-30,1470.7946228816827
2016-07-31,1474.3664861487466
2016-08-01,1496.1673612232134
2016-08-02,1535.5664304372503
2016-08-03,1652.0956339116453
2016-08-04,1674.7866614234017
2016-08-05,2028.2317471213773
2016-08-06,1677.9297169893446
2016-08-07,2131.3167913451744
2016-08-08,2131.316791345174
2016-08-09,2228.9328919616637
2016-08-10,2081.902973837349
2016-08-11,2117.105260244324
2016-08-12,2105.616997299552
2016-08-13,2037.1137616797614
2016-08-14,2001.4285989864513
2016-08-15,1848.7342500324949
2016-08-16,1765.5643693273112
2016-08-17,1590.1498817164818
2016-08-18,1542.733363789022
2016-08-19,1560.0468839277305
2016-08-20,1502.9894974920262
2016-08-21,1428.685068819592
2016-08-22,1282.7000244248845
2016-08-23,1101.8000617398402
2016-08-24,1060.9000885566038
2016-08-25,1015.4455318974311
2016-08-26,1002.0851352303457
2016-08-27,904.2485547216006
2016-08-28,877.7942211481218
2016-08-29,878.7580661051876
2016-08-30,817.1369550146193
2016-08-31,810.192015403059
2016-09-01,778.0084106485255
2016-09-02,698.2976718306758
2016-09-03,721.7545468322313
2016-09-04,792.0198021551568
2016-09-05,808.4933939209279
2016-09-06,868.1466503686785
2016-09-07,783.8290961717667
2016-09-08,776.0336644703781
2016-09-09,765.6690891253501
2016-09-10,1071.8337401634703
2016-09-11,1160.70389952754
2016-09-12,1115.5128533486338
2016-09-13,1155.1103588486965
2016-09-14,1218.6146711768993
2016-09-15,1121.1574882211294
2016-09-16,1078.668819209563
2016-09-17,969.1166416653784
2016-09-18,952.4838726570425
2016-09-19,948.9072848104347
2016-09-20,787.9667097123681
2016-09-21,1074.7514307708705
2016-09-22,953.8709403931698
2016-09-23,933.7810279833354
2016-09-24,872.0736061293104
2016-09-25,813.0355954054842
2016-09-26,815.5385847363734
2016-09-27,991.5157273616385
2016-09-28,1029.1903545762254
2016-09-29,1090.2880180752488
2016-09-30,1206.0713032448532
2016-10-01,1270.391373301359
2016-10-02,1322.9624007596244
2016-10-03,1297.0502258382353
2016-10-04,1294.7009581444422
2016-10-05,1198.6769492075678
2016-10-06,968.5200930989761
2016-10-07,919.459633209532
2016-10-08,822.7242430038402
2016-10-09,740.0144772539202
2016-10-10,844.6135531496672
2016-10-11,1097.74557245048
2016-10-12,1233.7536762713664
2016-10-13,1256.1514614119646
2016-10-14,1318.529140606748
2016-10-15,1118.0637596408499
2016-10-16,1191.6320277260077
2016-10-17,1011.4365425833406
2016-10-18,1017.2575877335714
2016-10-19,975.0081452283114
2016-10-20,963.1622903809465
2016-10-21,961.8384103953414
2016-10-22,840.4053428507949
2016-10-23,889.2179358628176
2016-10-24,856.0066545395514
2016-10-25,935.1283003284786
2016-10-26,936.4970366079089
2016-10-27,932.8880125427072
2016-10-28,884.6138572482748
2016-10-29,947.5833325156748
2016-10-30,931.2925080515904
2016-10-31,801.2817943479403
2016-11-01,824.5736470183714
2016-11-02,760.6398509545213
2016-11-03,752.92453795068
2016-11-04,742.524124442669
2016-11-05,728.5271377821838
2016-11-06,802.8674012889539
2016-11-07,773.0813949676728
2016-11-08,841.585976361316
2016-11-09,785.7133390070245
2016-11-10,866.6527155920473
2016-11-11,864.776694241885
2016-11-12,830.9446124235776
2016-11-13,781.2047044300512
2016-11-14,804.5129888083312
2016-11-15,799.040506005791
2016-11-16,836.595478813314
2016-11-17,861.1226271092286
2016-11-18,801.8713082547416
2016-11-19,831.5294217122836
2016-11-20,824.614237378124
2016-11-21,823.6210291962001
2016-11-22,855.3255025956917
2016-11-23,789.409291712089
2016-11-24,889.725425974637
2016-11-25,841.6373605215704
2016-11-26,873.1643650235563
2016-11-27,866.7438133392307
2016-11-28,835.1194166219618
2016-11-29,863.5561207898111
2016-11-30,884.5427594985495
2016-12-01,857.8358578451295
2016-12-02,826.9957297043961
2016-12-03,839.8500084764239
2016-12-04,823.3866124744945
2016-12-05,778.2396702388917
2016-12-06,776.9369124435448
2016-12-07,818.0178101095742
2016-12-08,843.0950466921133
2016-12-09,767.5131130214429
2016-12-10,820.7758805665986
2016-12-11,776.9549469972332
2016-12-12,750.2817156590996
2016-12-13,765.3379548833615
2016-12-14,884.8014475194952
2016-12-15,926.8397303895046
2016-12-16,941.6514818261137
2016-12-17,974.3487156265031
2016-12-18,867.0928277182182
2016-12-19,890.4646091702593
2016-12-20,904.8771415052879
2016-12-21,911.6464920418314
2016-12-22,926.6765696971726
2016-12-23,926.6765696971727
2016-12-24,918.5694840712306
2016-12-25,838.3370860602305
2016-12-26,920.7532792695249
2016-12-27,840.3066665691815
2016-12-28,780.5942346327663
2016-12-29,834.4357015619004
2016-12-30,835.5545671685222
2016-12-31,846.7436930069183
2017-01-01,854.1861201948942
2017-01-02,953.0520042031878
2017-01-03,884.5114163280889
2017-01-04,956.9435932225558
2017-01-05,1016.6515983559335
2017-01-06,873.0540598970431
2017-01-07,903.6639447822513
2017-01-08,903.6639447822512
2017-01-09,839.0079238158793
2017-01-10,741.4130633840354
2017-01-11,851.0453768074726
2017-01-12,900.226757500646
2017-01-13,985.6166212330047
2017-01-14,1076.8170321344955
2017-01-15,1114.8574648333279
2017-01-16,1146.2700007611431
2017-01-17,1171.8822301776634
2017-01-18,1223.2505794004398
2017-01-19,1065.4285782678628
2017-01-20,1137.433252565674
2017-01-21,1187.9073485917113
2017-01-22,1162.9183452815696
2017-01-23,1249.2469648495587
2017-01-24,1249.2469648495587
2017-01-25,1375.5280203812708
2017-01-26,1179.8208256815321
2017-01-27,1097.5022969688982
2017-01-28,1143.7549409034882
2017-01-29,1172.1624363221824
2017-01-30,1312.157979722738
2017-01-31,1464.3542872301825
2017-02-01,1479.072196461265
2017-02-02,1431.7546829791984
2017-02-03,1460.095402339109
2017-02-04,1233.1655191052073
2017-02-05,1335.9799480550396
2017-02-06,1295.5139866185218
2017-02-07,1270.0421264097704
2017-02-08,1320.7767364110039
2017-02-09,1330.7976428911973
2017-02-10,1319.5351501326045
2017-02-11,1261.7425658615648
2017-02-12,1260.2781247471464
2017-02-13,1177.4604820707643
2017-02-14,1124.48662598096
2017-02-15,1065.5865707268879
2017-02-16,1159.484374843657
2017-02-17,1116.4841062134806
2017-02-18,1136.054687196666
2017-02-19,1183.268124547225
2017-02-20,1134.325173376261
2017-02-21,1180.4861548614215
2017-02-22,1135.2901779841293
2017-02-23,1061.777748341726
2017-02-24,1104.3516654954294
2017-02-25,1026.1247174903735
2017-02-26,1026.8216224476823
2017-02-27,1020.5141142104304
2017-02-28,999.5741029507584
2017-03-01,890.9091563200423
2017-03-02,914.0404927137254
2017-03-03,873.4565423540126
2017-03-04,855.7691541041409
2017-03-05,825.9198667326109
2017-03-06,817.9744660515818
2017-03-07,737.5840045694351
2017-03-08,573.4598411282378
2017-03-09,615.7916839330795
2017-03-10,635.0185369016816
2017-03-11,640.5015695345704
2017-03-12,641.8034061909082
2017-03-13,641.8034061909082
2017-03-14,713.4311268688542
2017-03-15,691.5515001946711
2017-03-16,740.0379834625346
2017-03-17,661.5713056443786
2017-03-18,639.4501900754104
2017-03-19,632.1561543460331
2017-03-20,658.1615888606407
2017-03-21,684.0084114686242
2017-03-22,687.1145342417743
2017-03-23,681.3778947082258
2017-03-24,643.068473316398
2017-03-25,611.6590338258791
2017-03-26,606.7409259711798
2017-03-27,610.3317966221714
2017-03-28,618.0498788828071
2017-03-29,657.272855154067
2017-03-30,734.7595652646503
2017-03-31,708.3890907272929
2017-04-01,715.91355738924
2017-04-02,566.9702181831377
2017-04-03,615.9750664843361
2017-04-04,647.9684945006775
2017-04-05,643.7521508184548
2017-04-06,679.6842809400779
2017-04-07,682.3335124204217
2017-04-08,763.3837561838558
2017-04-09,753.5605098307175
2017-04-10,728.0063547855467
2017-04-11,727.5301883089196
2017-04-12,712.337051764603
2017-04-13,728.4780583582378
2017-04-14,741.8260814982749
2017-04-15,761.3205406873881
2017-04-16,672.4181949989086
2017-04-17,676.9569103623164
2017-04-18,619.9156409687613
2017-04-19,603.6124333361305
2017-04-20,660.0032233355574
2017-04-21,654.7399729993215
2017-04-22,674.1142200405219
2017-04-23,683.1259615039205
2017-04-24,751.3293881453252
2017-04-25,737.8733481240013
2017-04-26,798.5662347266402
2017-04-27,800.753646576063
2017-04-28,812.5922121820151
2017-04-29,746.7701663154493
2017-04-30,713.2540427420954
2017-05-01,719.6237250970153
2017-05-02,575.2732590336591
2017-05-03,577.4443023919463
2017-05-04,494.72586410337135
2017-05-05,542.9227466002536
2017-05-06,498.08223978658117
2017-05-07,537.9975722109425
2017-05-08,565.5384004695981
2017-05-09,579.227586268642
2017-05-10,551.4836972002422
2017-05-11,519.4549502238326
2017-05-12,560.2592859617843
2017-05-13,558.7875534494664
2017-05-14,529.2336673841463
2017-05-15,560.5234593458699
2017-05-16,593.3195930217772
2017-05-17,589.3556070508131
2017-05-18,644.4914876185276
2017-05-19,580.4459828493044
2017-05-20,476.97501531382545
2017-05-21,533.455289844995
2017-05-22,526.1100523620253
2017-05-23,519.9478038511692
2017-05-24,545.4257121934728
2017-05-25,577.4737410999516
2017-05-26,582.7120881247421
2017-05-27,737.344730363672
2017-05-28,732.4883046458758
2017-05-29,625.9798200897205
2017-05-30,590.2005208076614
2017-05-31,556.3023806764553
2017-06-01,561.4864649127468
2017-06-02,530.0375516729507
2017-06-03,481.44295889796695
2017-06-04,490.8315256406468
2017-06-05,507.85708145283724
2017-06-06,482.34919822443055
2017-06-07,580.1898411889729
2017-06-08,580.109528332446
2017-06-09,527.153818096109
2017-06-10,533.3096780740257
2017-06-11,370.8441654892565
2017-06-12,463.9419425252634
2017-06-13,403.7035298166377
2017-06-14,400.6349053067772
2017-06-15,349.03421314836
2017-06-16,381.6010359218224
2017-06-17,414.68672667658626
2017-06-18,665.4710817526139
2017-06-19,914.6555813027994
2017-06-20,833.590082144939
2017-06-21,755.1931523618161
2017-06-22,915.9724524867535
2017-06-23,1040.7622974449973
2017-06-24,1065.3315405819692
2017-06-25,801.8292027424454
2017-06-26,764.009817800785
2017-06-27,799.3156264730817
2017-06-28,635.0498349918115
2017-06-29,390.2385650459601
2017-06-30,361.00912192507934
2017-07-01,333.3095017242008
2017-07-02,376.1266410531921
2017-07-03,499.45315164638976
2017-07-04,641.4244442397264
2017-07-05,954.0852138233809
2017-07-06,1106.5758525625058
2017-07-07,1180.508981733102
2017-07-08,1142.842746885394
2017-07-09,1058.750657772701
2017-07-10,1145.1845889499846
2017-07-11,1224.4600548614249
2017-07-12,1028.8819704507807
2017-07-13,966.9742797632875
2017-07-14,749.5451011286774
2017-07-15,632.3898534147975
2017-07-16,771.8869446737632
2017-07-17,686.2899248945831
2017-07-18,754.1714114137897
2017-07-19,870.9446395094302
2017-07-20,901.3391262022523
2017-07-21,1174.6239751466119
2017-07-22,1154.7493811649258
2017-07-23,1110.2187446440014
2017-07-24,1089.503821569003
2017-07-25,1232.3590360945384
2017-07-26,1237.566004328799
2017-07-27,1259.7081662662583
2017-07-28,1187.9469238503777
2017-07-29,1179.3541543791046
2017-07-30,1185.9794488230082
2017-07-31,955.7391664014837
2017-08-01,1005.3351681895058
2017-08-02,901.3260538042401
2017-08-03,1019.7673347429401
2017-08-04,1017.3466821484368
2017-08-05,1021.078005166989
2017-08-06,1104.0495314292727
2017-08-07,1157.3376978044812
2017-08-08,1248.0929589646416
2017-08-09,1186.4343007020873
2017-08-10,1314.5705397022227
2017-08-11,1385.4818367517578
2017-08-12,1414.6208457108091
2017-08-13,1473.4465236811675
2017-08-14,1360.6933643123377
2017-08-15,1296.0084174418434
2017-08-16,1215.674060577367
2017-08-17,1153.010996253254
2017-08-18,1114.7696936044802
2017-08-19,1108.8704706914643
2017-08-20,993.7840226472296
2017-08-21,933.5080496000318
2017-08-22,788.5566644248482
2017-08-23,712.8645764512049
2017-08-24,898.7159636590985
2017-08-25,769.404943995456
2017-08-26,684.9073362594688
2017-08-27,680.288968457948
2017-08-28,840.2804601463399
2017-08-29,906.6294578795054
2017-08-30,900.280837892907
2017-08-31,872.6537825620735
2017-09-01,835.0105555963552
2017-09-02,768.1588030655266
2017-09-03,735.776319170087
2017-09-04,660.773352570532
2017-09-05,632.7986311722836
2017-09-06,650.8663246439028
2017-09-07,501.02485237154684
2017-09-08,551.0471443195349
2017-09-09,579.9305007452232
2017-09-10,529.3346816348815
2017-09-11,575.3235623470687
2017-09-12,574.0956182833476
2017-09-13,606.3062921232272
2017-09-14,561.6527103552431
2017-09-15,531.7271205315957
2017-09-16,533.7796838396724
2017-09-17,532.3030733208328
2017-09-18,485.34453863539784
2017-09-19,634.0292838421005
2017-09-20,719.02753532398
2017-09-21,731.0968124960865
2017-09-22,1067.4048802360292
2017-09-23,901.5748430999578
2017-09-24,1028.4574172873681
2017-09-25,958.7096837093271
2017-09-26,1094.9441916280307
2017-09-27,1042.5507177289644
2017-09-28,1064.979295453086
2017-09-29,1004.7561405355177
2017-09-30,977.1368918771573
2017-10-01,940.1327416177259
2017-10-02,834.956627929725
2017-10-03,834.1561846924354
2017-10-04,763.4670915528421
2017-10-05,730.9903864624617
2017-10-06,748.1856822029162
2017-10-07,778.1692983461811
2017-10-08,921.2066940955337
2017-10-09,885.7679343044872
2017-10-10,907.8682332982576
2017-10-11,839.2281954736278
2017-10-12,937.7500852246303
2017-10-13,915.5315773373429
2017-10-14,948.2538721331164
2017-10-15,972.1320071012448
2017-10-16,960.7959029129136
2017-10-17,1007.778411324081
2017-10-18,881.2257732771717
2017-10-19,817.746250200898
2017-10-20,721.9217876050327
2017-10-21,746.6436377992486
2017-10-22,744.6498075816555
2017-10-23,737.002999913875
2017-10-24,800.1136303688028
2017-10-25,758.6140227146448
2017-10-26,817.4132870434576
2017-10-27,756.4337237024366
2017-10-28,942.8114540638402
2017-10-29,868.3749914999414
2017-10-30,901.5316396488751
2017-10-31,884.8331523264026
2017-11-01,921.0239038504286
2017-11-02,959.3749151137399
2017-11-03,872.2666104543612
2017-11-04,882.349952934841
2017-11-05,850.1522534573422
2017-11-06,826.5582158355639
2017-11-07,820.6164245046692
2017-11-08,813.5892856163736
2017-11-09,873.1915831013907
2017-11-10,811.6867715860861
2017-11-11,842.9508882168825
2017-11-12,791.5823288731222
2017-11-13,811.2242163906807
2017-11-14,806.2720809650475
2017-11-15,980.4062059324497
2017-11-16,916.7901060612909
2017-11-17,886.4957125829883
2017-11-18,836.2495793875681
2017-11-19,709.875246818161
2017-11-20,742.3763183570761
2017-11-21,788.6539510089297
2017-11-22,751.2499671238793
2017-11-23,833.5431224596185
2017-11-24,835.1200944231971
2017-11-25,1040.5267763307056
2017-11-26,1013.4870360219387
2017-11-27,1094.6143380406518
2017-11-28,1052.432370885744
2017-11-29,1026.5108416455028
2017-11-30,1017.1702591017195
2017-12-01,1009.2690864845096
2017-12-02,1057.747653035437
2017-12-03,1039.7837895167236
2017-12-04,1012.5843226546489
2017-12-05,911.5968425181737
2017-12-06,941.8444711488883
2017-12-07,892.814068281154
2017-12-08,824.8739990452793
2017-12-09,897.4604972855943
2017-12-10,893.5321898160289
2017-12-11,989.9054279883981
2017-12-12,909.3214014995982
2017-12-13,945.8109371993919
2017-12-14,946.2220830217902
2017-12-15,945.892448532176
2017-12-16,883.5835781910338
2017-12-17,860.17111655069
2017-12-18,969.9734635409255
2017-12-19,967.7267083246759
2017-12-20,1005.0851220615021
2017-12-21,946.070871798136
2017-12-22,944.0170501211936
2017-12-23,976.3050230918333
2017-12-24,952.1085586149037
2017-12-25,914.522642878932
2017-12-26,913.3478994416604
2017-12-27,921.9857898489325
2017-12-28,871.0444864420679
2017-12-29,940.4471054488456
2017-12-30,944.851144960094
2017-12-31,914.8676598096092
2018-01-01,916.9831775751127
2018-01-02,887.1670966710911
2018-01-03,960.4792819963723
2018-01-04,933.3283476539578
2018-01-05,897.2688021113275
2018-01-06,817.9923492838863
2018-01-07,881.0883164422286
2018-01-08,914.8417749186262
2018-01-09,886.6405842406023
2018-01-10,987.4214960596922
2018-01-11,1001.3347951604826
2018-01-12,1005.7564973319066
2018-01-13,940.9797719067184
2018-01-14,1016.6831934807952
2018-01-15,977.0397377314167
2018-01-16,1069.1960959029589
2018-01-17,1050.397168195623
2018-01-18,1129.0776845049784
2018-01-19,1188.8887272037691
2018-01-20,1123.6636324277113
2018-01-21,1115.1578265460735
2018-01-22,1115.1170544382803
2018-01-23,1161.6754892218114
2018-01-24,1110.6898136994716
2018-01-25,985.4860351709392
2018-01-26,980.2550930338847
2018-01-27,1041.357029655599
2018-01-28,1042.507610050203
2018-01-29,1102.9652548922982
2018-01-30,1155.4377466989997
2018-01-31,1036.4640009643424
2018-02-01,1082.3745887122402
2018-02-02,1107.993786871744
2018-02-03,1063.3861706746284
2018-02-04,1087.1851681651322
2018-02-05,1080.4051024661676
2018-02-06,1098.8575341927142
2018-02-07,912.4963512083252
2018-02-08,918.9488381382304
2018-02-09,948.7444197359525
2018-02-10,1003.1366383295025
2018-02-11,1023.0643122980047
2018-02-12,1023.0643122980047
2018-02-13,1129.1814746899258
2018-02-14,1073.1371851621022
2018-02-15,1060.508621106055
2018-02-16,937.1518835311454
2018-02-17,916.0286747231271
2018-02-18,976.1413135856199
2018-02-19,945.3338651447444
2018-02-20,1013.9432056134192
2018-02-21,1017.8894245130814
2018-02-22,1030.170830984522
2018-02-23,874.5463725329851
2018-02-24,1072.5258984361
2018-02-25,969.2949967443664
2018-02-26,776.2725709023845
2018-02-27,830.638258585052
2018-02-28,794.6522694875084
2018-03-01,832.2218896540536
2018-03-02,781.6959080546466
2018-03-03,816.5551588179966
2018-03-04,731.9486682525616
2018-03-05,732.5722620419697
2018-03-06,714.7244180088815
2018-03-07,781.3208192581261
2018-03-08,745.9711172147123
2018-03-09,750.3622530027668
2018-03-10,774.5397019375037
2018-03-11,657.0018550252602
2018-03-12,773.3456681324385
2018-03-13,739.3854086640756
2018-03-14,783.2398455902226
2018-03-15,869.2587895979453
2018-03-16,870.7470985442201
2018-03-17,830.0030284454817
2018-03-18,817.4498915877862
2018-03-19,774.731436725182
2018-03-20,747.9598563823678
2018-03-21,748.0738692059066
2018-03-22,728.2992826600604
2018-03-23,707.132969194581
2018-03-24,718.738427970442
2018-03-25,717.2626834965355
2018-03-26,747.8831996570653
2018-03-27,704.7716620573011
2018-03-28,784.1535380506754
2018-03-29,807.6803856646599
2018-03-30,824.7607949869105
2018-03-31,806.9854395134845
2018-04-01,1122.7825342397502
2018-04-02,1051.3340270983565
2018-04-03,901.2576953222856
2018-04-04,830.1783916903199
2018-04-05,802.3306880895957
2018-04-06,751.2999386377725
2018-04-07,688.0678169347232
2018-04-08,631.515621272579
2018-04-09,649.1061070782149
2018-04-10,654.30185339555
2018-04-11,617.6084261996497
2018-04-12,584.7638497543807
2018-04-13,646.334786431271
2018-04-14,604.2100937671305
2018-04-15,563.0154888908153
2018-04-16,565.8778735973457
2018-04-17,614.5721159769274
2018-04-18,657.620983523067
2018-04-19,634.2633269428032
2018-04-20,633.9983414073647
2018-04-21,541.9093909519643
2018-04-22,517.7070458127764
2018-04-23,574.4211393203916
2018-04-24,589.6032950050965
2018-04-25,646.7766954755919
2018-04-26,650.0943767633859
2018-04-27,612.1464754943675
2018-04-28,481.6597025879141
2018-04-29,490.36792622810816
2018-04-30,578.6004243792173
2018-05-01,467.39248191388276
2018-05-02,556.437655713622
2018-05-03,507.95827489122996
2018-05-04,527.226962999101
2018-05-05,487.364870943163
2018-05-06,476.0710466237182
2018-05-07,420.9872424908374
2018-05-08,522.5358078608984
2018-05-09,511.6956181194552
2018-05-10,516.5625769663692
2018-05-11,562.6795392905669
2018-05-12,573.7370458935198
2018-05-13,741.7205026779671
2018-05-14,731.0512539459148
2018-05-15,774.8891601452949
2018-05-16,752.4984459747507
2018-05-17,728.6398657064143
2018-05-18,718.9174155609714
2018-05-19,633.2461635537686
2018-05-20,614.8610155147775
2018-05-21,519.8125563886574
2018-05-22,517.4759445052757
2018-05-23,464.1380768489737
2018-05-24,510.23009757869977
2018-05-25,541.0990557594058
2018-05-26,545.3183965015071
2018-05-27,615.0542343245933
2018-05-28,632.2804095592309
2018-05-29,635.2692922593359
2018-05-30,536.0574561553871
2018-05-31,597.9236325957426
2018-06-01,527.3577273764496
2018-06-02,458.83114955314403
2018-06-03,537.6928447727598
2018-06-04,591.781623562398
2018-06-05,947.6014041771406
2018-06-06,883.0647571304377
2018-06-07,840.6592884636666
2018-06-08,636.2054213396987
2018-06-09,634.4047437017473
2018-06-10,855.0231945190687
2018-06-11,834.9455672982027
2018-06-12,1173.4513634842215
2018-06-13,1308.6889639744668
2018-06-14,1255.428222973797
2018-06-15,1363.745135019363
2018-06-16,1192.7641176375294
2018-06-17,1077.363703146224
2018-06-18,1046.2123578421806
2018-06-19,937.3791346308733
2018-06-20,764.58318197818
2018-06-21,684.705664329398
2018-06-22,571.6709144253521
2018-06-23,541.0713794641692
2018-06-24,478.5849300984493
2018-06-25,408.2058872536468
2018-06-26,462.37932328605143
2018-06-27,463.06167081104627
2018-06-28,363.989519104436
2018-06-29,279.87498318828244
2018-06-30,268.61208363819105
2018-07-01,1058.2077667384128
2018-07-02,1115.1137690916908
2018-07-03,983.9234576996304
2018-07-04,783.0625155497936
2018-07-05,719.9800368844552
2018-07-06,613.4236056791939
2018-07-07,546.1140911116585
2018-07-08,480.7209406232372
2018-07-09,748.3098808987185
2018-07-10,780.4630281541454
2018-07-11,751.9730344207842
2018-07-12,758.6746593787931
2018-07-13,734.6560610327625
2018-07-14,1016.2326257910008
2018-07-15,1209.5275893433995
2018-07-16,1209.772836604121
2018-07-17,1505.004361158555
2018-07-18,1553.832194589797
2018-07-19,1624.5281991747033
2018-07-20,2127.6701368134145
2018-07-21,2176.9331623372486
2018-07-22,2116.3737063128015
2018-07-23,2116.373706312801
2018-07-24,2143.127707244306
2018-07-25,2314.5562783497744
2018-07-26,2314.556278349774
2018-07-27,2305.381787087072
2018-07-28,2356.3513602750268
2018-07-29,2389.5303597983598
2018-07-30,2066.1251353469843
2018-07-31,1760.6284142536047
2018-08-01,1718.4664327875166
2018-08-02,2023.0466887050113
2018-08-03,2023.0466887050113
2018-08-04,1987.0090301584894
2018-08-05,2044.3292383529256
2018-08-06,2062.179375236176
2018-08-07,2328.4068692809046
2018-08-08,2443.101580615833
2018-08-09,2449.2113476351187
2018-08-10,2358.2955528064463
2018-08-11,2358.2955528064463
2018-08-12,2385.833868129981
2018-08-13,2069.7550752202765
2018-08-14,2036.6987798240366
2018-08-15,1961.2659827616983
2018-08-16,2074.845243572581
2018-08-17,2056.4274605950313
2018-08-18,2034.440959616567
2018-08-19,2276.6123755857047
2018-08-20,2304.246262692971
2018-08-21,2097.381215264369
2018-08-22,2097.381215264369
2018-08-23,1660.5621012213144
2018-08-24,1514.1870559732365
2018-08-25,1484.1340876687186
2018-08-26,1281.4327889788774
2018-08-27,1039.6487313087753
2018-08-28,1492.6904287416924
2018-08-29,1810.382851226329
2018-08-30,1859.6808724078821
2018-08-31,1666.5250600556815
2018-09-01,1568.4206092145257
2018-09-02,1586.0976754643177
2018-09-03,1464.4630656291242
2018-09-04,1329.3776749895585
2018-09-05,1238.0871592091853
2018-09-06,1295.3878824690644
2018-09-07,1296.793915765004
2018-09-08,1355.364765138279
2018-09-09,1450.678619223539
2018-09-10,1461.8894265678837
2018-09-11,1367.3896506689152
2018-09-12,1273.8253939538552
2018-09-13,1263.3600549071475
2018-09-14,1129.0883129359013
2018-09-15,1164.8409705697086
2018-09-16,997.9169434982604
2018-09-17,938.0556760567895
2018-09-18,925.2373119295122
2018-09-19,765.8010636471319
2018-09-20,653.6092527269284
2018-09-21,636.730735633462
2018-09-22,714.0849940932674
2018-09-23,840.9211402217321
2018-09-24,934.7977882200789
2018-09-25,1025.5570949397581
2018-09-26,1176.593256964386
2018-09-27,1100.966077925644
2018-09-28,1031.6028219820823
2018-09-29,1038.905895472222
2018-09-30,1056.1468981964163
2018-10-01,994.2033651462217
2018-10-02,983.2247191235572
2018-10-03,1026.3271420991146
2018-10-04,982.4964720357307
2018-10-05,882.7518121069387
2018-10-06,923.219512138561
2018-10-07,915.5569577203704
2018-10-08,927.7833002627948
2018-10-09,927.7833002627947
2018-10-10,910.6809159941838
2018-10-11,875.8505753756882
2018-10-12,890.7033366360996
2018-10-13,827.0250868622965
2018-10-14,948.1988197573316
2018-10-15,948.601292747307
2018-10-16,967.14985017563
2018-10-17,967.14985017563
2018-10-18,978.8108893947925
2018-10-19,994.8792458929152
2018-10-20,1012.4294603776244
2018-10-21,1000.8901129939702
2018-10-22,975.6840580114454
2018-10-23,974.5644811189098
2018-10-24,1031.2148548426167
2018-10-25,1101.3963723235825
2018-10-26,1107.5902067476989
2018-10-27,1078.8050613324758
2018-10-28,1078.8050613324758
2018-10-29,1090.4314849562136
2018-10-30,909.9260591889055
2018-10-31,895.9232220144906
2018-11-01,870.5753429916799
2018-11-02,878.4251856014731
2018-11-03,867.415140907928
2018-11-04,923.731645000409
2018-11-05,923.7316450004089
2018-11-06,937.659817536512
2018-11-07,966.22814021121
2018-11-08,973.6373819795938
2018-11-09,985.4621171572601
2018-11-10,936.5921081263224
2018-11-11,1040.0251230107515
2018-11-12,1052.8308817487907
2018-11-13,1052.830881748791
2018-11-14,961.2878091082626
2018-11-15,1004.5346476830349
2018-11-16,1004.5346476830349
2018-11-17,938.9890150688632
2018-11-18,935.339387524282
2018-11-19,1004.495319470477
2018-11-20,965.6541784334742
2018-11-21,976.5195903005728
2018-11-22,1054.6490892521492
2018-11-23,1103.4151491126795
2018-11-24,1114.614266854386
2018-11-25,1068.1799042989812
2018-11-26,1054.8716344730246
2018-11-27,1063.6137048635978
2018-11-28,961.0593818123301
2018-11-29,902.8486389091815
2018-11-30,960.7688085226637
2018-12-01,1012.8664034366133
2018-12-02,1045.2122766665675
2018-12-03,1042.3896499588327
2018-12-04,1042.3896499588327
2018-12-05,1056.4089665747676
2018-12-06,996.7791385865353
2018-12-07,1017.7721382902339
2018-12-08,1011.8303837658773
2018-12-09,1027.173209660271
2018-12-10,1012.6804300421171
2018-12-11,972.9102286982845
2018-12-12,912.3668056230631
2018-12-13,863.6441767499895
2018-12-14,800.3378407179478
2018-12-15,806.8238799149232
2018-12-16,795.9459423349491
2018-12-17,694.2282444951442
2018-12-18,746.7074175697272
2018-12-19,846.6140590154833
2018-12-20,1028.0306373253552
2018-12-21,1164.4599112369472
2018-12-22,1180.7043503619298
2018-12-23,1243.1948785531215
2018-12-24,1282.581389986047
2018-12-25,1234.458045610953
2018-12-26,1241.9634741225161
2018-12-27,1234.4006239006928
2018-12-28,1367.3137196144883
2018-12-29,1367.313719614488
2018-12-30,1329.5800723007037
2018-12-31,1329.5800723007035
2019-01-01,1349.7301922548595
2019-01-02,1301.2892791562158
2019-01-03,1301.2892791562156
2019-01-04,1270.26141837699
2019-01-05,1375.8608241342206
2019-01-06,1384.3557240525806
2019-01-07,1287.806098984562
2019-01-08,1455.930693030065
2019-01-09,1468.457173218482
2019-01-10,1576.922947606835
2019-01-11,1576.922947606835
2019-01-12,1591.773894817263
2019-01-13,1467.209684843697
2019-01-14,1488.7006656154683
2019-01-15,1503.733995981483
2019-01-16,1493.0417836259028
2019-01-17,1480.059024913006
2019-01-18,1527.8526223989393
2019-01-19,1527.852622398939
2019-01-20,1542.59611269739
2019-01-21,1584.2037539497417
2019-01-22,1588.828980723696
2019-01-23,1603.8559916734202
2019-01-24,1419.6800471606077
2019-01-25,1403.9172465118188
2019-01-26,1433.3380111339925
2019-01-27,1638.1641406554834
2019-01-28,1639.7979818262625
2019-01-29,1805.0992182562597
2019-01-30,1805.0992182562595
2019-01-31,1874.92154480993
2019-02-01,1828.0393184623488
2019-02-02,1959.7425145890734
2019-02-03,1923.2170992610563
2019-02-04,1777.6542057568236
2019-02-05,1756.8464141230086
2019-02-06,1671.8252682504187
2019-02-07,1661.879117140216
2019-02-08,1745.0720143236172
2019-02-09,1649.580201818724
2019-02-10,1638.8350471772987
2019-02-11,1651.0487778854952
2019-02-12,1699.6715433827737
2019-02-13,1841.2335687923169
2019-02-14,1973.8668110211474
2019-02-15,1831.0017774565924
2019-02-16,1829.7369884724442
2019-02-17,1724.2598472244376
2019-02-18,1724.2598472244376
2019-02-19,1469.4018454086283
2019-02-20,1371.1698490547317
2019-02-21,1328.0211361226875
2019-02-22,1315.3826883799884
2019-02-23,1294.7721503892333
2019-02-24,1920.1589255318202
2019-02-25,1806.4852363129733
2019-02-26,1719.162584092782
2019-02-27,1533.821583056441
2019-02-28,1409.8835072455388
2019-03-01,1413.6939739037193
2019-03-02,1306.8797308645992
2019-03-03,1085.5707060405496
2019-03-04,1043.589695499646
2019-03-05,1076.6072679469216
2019-03-06,1074.6890448131899
2019-03-07,1070.451624854257
2019-03-08,1120.2213977891358
2019-03-09,1119.3438637120232
2019-03-10,1086.928369127625
2019-03-11,1110.4854577054734
2019-03-12,1113.5303043904114
2019-03-13,1099.2604823746638
2019-03-14,1012.0899827626596
2019-03-15,860.9166288282196
2019-03-16,802.5557128422126
2019-03-17,793.0856484994911
2019-03-18,742.4529079753877
2019-03-19,738.8430896683858
2019-03-20,721.2835352713361
2019-03-21,697.5652545994969
2019-03-22,705.77394834936
2019-03-23,638.7357379686872
2019-03-24,739.3178544071335
2019-03-25,741.5394937469337
2019-03-26,647.1998206842993
2019-03-27,647.1998206842993
2019-03-28,643.9067972596665
2019-03-29,584.8633788020392
2019-03-30,586.0685808047631
2019-03-31,545.34470710685
2019-04-01,669.5154525515184
2019-04-02,681.439012782441
2019-04-03,728.1765604411966
2019-04-04,753.7756328861071
2019-04-05,767.3958105161691
2019-04-06,611.6619946182248
2019-04-07,611.6619946182249
2019-04-08,599.5804792465667
2019-04-09,613.4210646906994
2019-04-10,600.5914052740144
2019-04-11,575.1284269961409
2019-04-12,617.6184132680694
2019-04-13,634.6969372580801
2019-04-14,693.6192726785864
2019-04-15,693.6192726785864
2019-04-16,702.4326114015184
2019-04-17,646.2692402032089
2019-04-18,646.2692402032088
2019-04-19,647.2729705643994
2019-04-20,501.4036100505539
2019-04-21,478.2920457961891
2019-04-22,643.1919778686371
2019-04-23,686.3536822354821
2019-04-24,704.2260745920315
2019-04-25,673.2841120156672
2019-04-26,673.2841120156672
2019-04-27,698.7800215654493
2019-04-28,704.4756549363451
2019-04-29,760.632748219949
2019-04-30,672.4973744331222
2019-05-01,703.7005089851374
2019-05-02,659.9704053131044
2019-05-03,639.5756058271567
2019-05-04,636.4953946464035
2019-05-05,702.9117110270062
2019-05-06,674.8748422066878
2019-05-07,684.1505543493581
2019-05-08,752.80934951847
2019-05-09,765.2833059469706
2019-05-10,828.9844338046947
2019-05-11,792.0403026022302
2019-05-12,1428.209132210723
2019-05-13,1264.8753459817572
2019-05-14,1718.072973294437
2019-05-15,1759.4135336944496
2019-05-16,1349.3808683738123
2019-05-17,1073.1002521566184
2019-05-18,1090.8701722580145
2019-05-19,850.9166782826248
2019-05-20,852.7748714533082
2019-05-21,700.1377351880609
2019-05-22,669.974639308041
2019-05-23,974.4888382870756
2019-05-24,969.3156105208741
2019-05-25,944.7316300840051
2019-05-26,955.8116858531246
2019-05-27,1093.3025657511048
2019-05-28,972.0847120211939
2019-05-29,934.7619019689188
2019-05-30,949.0322021651422
2019-05-31,930.3053388356781
2019-06-01,892.1144069868029
2019-06-02,845.6199512893468
2019-06-03,826.0812348773318
2019-06-04,813.0865464853617
2019-06-05,801.8896259483007
2019-06-06,789.1871368483442
2019-06-07,761.5458071048965
2019-06-08,962.7888329873883
2019-06-09,870.1216366373158
2019-06-10,845.097452250353
2019-06-11,848.0646287309598
2019-06-12,818.9490141127607
2019-06-13,818.9490141127606
2019-06-14,826.0772432887012
2019-06-15,770.6798350026345
2019-06-16,777.4328707562761
2019-06-17,821.297045969027
2019-06-18,745.9293942951293
2019-06-19,744.1068440273805
2019-06-20,947.9030130149655
2019-06-21,947.9030130149655
2019-06-22,965.2618715311852
2019-06-23,826.8166196677598
2019-06-24,824.4534537408209
2019-06-25,569.5476779435913
2019-06-26,540.018318768893
2019-06-27,499.3749820084148
2019-06-28,593.3889106401442
2019-06-29,593.388910640144
2019-06-30,579.573237975991
2019-07-01,1179.0842367034004
2019-07-02,1249.0736056942976
2019-07-03,1351.9527207670046
2019-07-04,1895.4860337171801
2019-07-05,2014.3586827122529
2019-07-06,2113.425849669576
2019-07-07,2403.8077853380396
2019-07-08,2456.3864653818723
2019-07-09,2158.639989805538
2019-07-10,2158.6399898055374
2019-07-11,2157.5998809719417
2019-07-12,1913.168555816151
2019-07-13,1889.710970073744
2019-07-14,1716.4677539147883
2019-07-15,1953.6715771393303
2019-07-16,1818.6635688752535
2019-07-17,1581.945319114928
2019-07-18,1581.9453191149282
2019-07-19,1464.6843369406047
2019-07-20,1310.9976924790606
2019-07-21,1291.3658502350575
2019-07-22,1102.9068690032605
2019-07-23,1122.3593557107922
2019-07-24,1270.7654051700595
2019-07-25,1111.710223550646
2019-07-26,931.7504241810773
2019-07-27,1108.9115839050978
2019-07-28,1246.7454200909972
2019-07-29,1259.1127553739004
2019-07-30,1280.423932378381
2019-07-31,1319.3264421413767
2019-08-01,1346.7109001348138
2019-08-02,1278.870698007917
2019-08-03,1148.4970575074383
2019-08-04,1402.2835856869042
2019-08-05,1475.7652990316021
2019-08-06,1484.0098916284537
2019-08-07,1828.2431184266334
2019-08-08,1989.8155485964926
2019-08-09,2036.004265121006
2019-08-10,2339.2829538912683
2019-08-11,2237.9752807686386
2019-08-12,2128.4629905207726
2019-08-13,1658.0849069660137
2019-08-14,1913.2293590017177
2019-08-15,1690.0197553848068
2019-08-16,1618.4422861125008
2019-08-17,1574.8039439515371
2019-08-18,1658.595913081811
2019-08-19,1490.7751511765614
2019-08-20,1663.1361742352765
2019-08-21,1770.03414623069
2019-08-22,1760.638345280648
2019-08-23,1567.3200883878108
2019-08-24,1479.0111611710486
2019-08-25,1463.5716441985332
2019-08-26,1359.438474715104
2019-08-27,1303.1771196318268
2019-08-28,1263.069577148604
2019-08-29,1420.0580399565617
2019-08-30,1328.6110715707177
2019-08-31,1202.0541401560795
2019-09-01,1167.8129310271934
2019-09-02,1167.0268116625223
2019-09-03,1058.0886451934168
2019-09-04,1058.0886451934168
2019-09-05,1005.8779040941935
2019-09-06,1195.3445868150334
2019-09-07,1213.6307290976313
2019-09-08,1229.044603024602
2019-09-09,1476.484566814119
2019-09-10,1531.3441718651713
2019-09-11,1319.6624985338692
2019-09-12,1315.7600257296142
2019-09-13,1314.0563335245001
2019-09-14,1227.0798314059746
2019-09-15,1227.0798314059746
2019-09-16,1189.5395526693464
2019-09-17,1187.4477301393351
2019-09-18,1188.8776007060453
2019-09-19,1123.2484356097123
2019-09-20,1026.2785876101987
2019-09-21,1019.2845208965169
2019-09-22,966.9775085476406
2019-09-23,966.9775085476405
2019-09-24,944.9884155023833
2019-09-25,794.8850720740064
2019-09-26,769.3164206486186
2019-09-27,750.1671127013991
2019-09-28,1424.6102716438675
2019-09-29,1475.4258548699952
2019-09-30,1607.9378149059796
2019-10-01,1607.9378149059794
2019-10-02,1722.3723487677535
2019-10-03,1382.3237644994815
2019-10-04,1382.3237644994813
2019-10-05,1135.400509325565
2019-10-06,1719.5211565711586
2019-10-07,1412.438288913428
2019-10-08,1265.5126139035085
2019-10-09,1265.5126139035085
2019-10-10,1073.770901123078
2019-10-11,1035.3118864463647
2019-10-12,1037.249018936374
2019-10-13,855.657808747187
2019-10-14,936.194281331921
2019-10-15,1056.729952692127
2019-10-16,976.7412967771276
2019-10-17,925.7966024439914
2019-10-18,871.9723779633822
2019-10-19,956.1086794346254
2019-10-20,964.2771859030626
2019-10-21,933.4787839740698
2019-10-22,945.5571286223054
2019-10-23,952.0951914708766
2019-10-24,908.5124788591584
2019-10-25,987.5620595968004
2019-10-26,992.6528833253708
2019-10-27,1082.7773267664772
2019-10-28,1105.1818195125645
2019-10-29,1050.8303936506213
2019-10-30,1035.5020902096167
2019-10-31,1044.087362128286
2019-11-01,1040.990774682807
2019-11-02,991.6130638809857
2019-11-03,971.9570427906253
2019-11-04,1034.8224738707481
2019-11-05,994.9257203955488
2019-11-06,960.5923886456811
2019-11-07,948.5378629439925
2019-11-08,948.5378629439925
2019-11-09,922.0125875116747
2019-11-10,876.3529324675337
2019-11-11,864.2619771014178
2019-11-12,913.1312048291619
2019-11-13,941.3884489447141
2019-11-14,846.3276227274703
2019-11-15,920.4787190346109
2019-11-16,1012.5330454764261
2019-11-17,1009.6076623892498
2019-11-18,960.1331877205598
2019-11-19,959.2961078033247
2019-11-20,1081.366789227417
2019-11-21,1077.2764348827907
2019-11-22,1002.0775934028457
2019-11-23,1040.546722142644
2019-11-24,1043.3414586527363
2019-11-25,1042.1473813839364
2019-11-26,1042.1473813839364
2019-11-27,1022.6994844965335
2019-11-28,982.7480866907795
2019-11-29,993.0713588124593
2019-11-30,1016.7802573893465
2019-12-01,1091.2120797721284
2019-12-02,1095.7058372580336
2019-12-03,1058.6529589383224
2019-12-04,1058.6529589383224
2019-12-05,1068.9589574250429
2019-12-06,1054.2085880014015
2019-12-07,1054.8352609662072
2019-12-08,1037.27646446575
2019-12-09,1121.578150363719
2019-12-10,1131.7270294356006
2019-12-11,1086.6542705323566
2019-12-12,1026.4427560500478
2019-12-13,1025.302810585445
2019-12-14,953.6648989020267
2019-12-15,953.6648989020267
2019-12-16,932.5479895012725
2019-12-17,977.138995834574
2019-12-18,970.3702102813381
2019-12-19,972.7686738005308
2019-12-20,962.943947125939
2019-12-21,971.4470710684997
2019-12-22,1029.341302574835
2019-12-23,1002.157425850249
2019-12-24,1001.778082946397
2019-12-25,917.8342998887242
2019-12-26,917.8342998887241
2019-12-27,1102.6212304919693
2019-12-28,952.0698841126926
2019-12-29,1115.4451851738293
2019-12-30,1088.8029148044836
2019-12-31,973.0769704521015
2020-01-01,1003.5629587861072
2020-01-02,961.636334655241
2020-01-03,947.2893837122565
2020-01-04,992.5737659334195
2020-01-05,996.1648319984548
2020-01-06,994.5198663517673
2020-01-07,1025.3370291448086
2020-01-08,1104.2940626415834
2020-01-09,1337.0784965421833
2020-01-10,1442.4574901423744
2020-01-11,1460.6993818178366
2020-01-12,1489.2210602432096
2020-01-13,1425.1142172214402
2020-01-14,1442.2896431552306
2020-01-15,1422.8001216508749
2020-01-16,1392.389972644676
2020-01-17,1420.8217896643696
2020-01-18,1581.8644743359002
2020-01-19,1531.2749362488717
2020-01-20,1593.1071465659472
2020-01-21,1483.8331560525166
2020-01-22,1488.7505850130224
2020-01-23,1517.4500031407474
2020-01-24,1713.7412195001136
2020-01-25,1704.07159593692
2020-01-26,2034.2380032463498
2020-01-27,1982.920730689909
2020-01-28,1839.6311125175423
2020-01-29,1736.747086146372
2020-01-30,1745.9135226207072
2020-01-31,1678.026920900511
2020-02-01,1734.5241959212121
2020-02-02,1698.7562810329418
2020-02-03,1873.4326310643391
2020-02-04,1695.5118419103921
2020-02-05,1703.5886568533717
2020-02-06,1691.409264376144
2020-02-07,1200.5135849727392
2020-02-08,1712.7715718008787
2020-02-09,1786.6119088496625
2020-02-10,1772.663184845735
2020-02-11,1966.121430597747
2020-02-12,1981.4378325236266
2020-02-13,2214.138670164217
2020-02-14,2319.1429932509004
2020-02-15,2289.087401765631
2020-02-16,2101.174776841187
2020-02-17,2101.174776841187
2020-02-18,2089.8475185608168
2020-02-19,1797.4000584028656
2020-02-20,1741.536134634923
2020-02-21,1668.1520666126387
2020-02-22,1764.5108442612545
2020-02-23,1754.3707701413412
2020-02-24,1630.2024837909612
2020-02-25,1785.0839480625486
2020-02-26,1797.4255966211351
2020-02-27,1718.9656503804845
2020-02-28,1718.9656503804845
2020-02-29,1709.5249301625631
2020-03-01,1595.7455845433756
2020-03-02,1600.3309807180206
2020-03-03,1548.7350877216593
2020-03-04,1164.402045781052
2020-03-05,1117.8420160680173
2020-03-06,963.4373048857615
2020-03-07,1228.135466682025
2020-03-08,1209.3802556945225
2020-03-09,1218.8576048038117
2020-03-10,1218.8576048038117
2020-03-11,1243.74164250179
2020-03-12,1076.6455732499571
2020-03-13,1095.9141579572058
2020-03-14,1161.0940597256738
2020-03-15,1189.8838128177877
2020-03-16,1187.344102126405
2020-03-17,1151.915115380373
2020-03-18,1151.915115380373
2020-03-19,1209.1911110223316
2020-03-20,1160.95144182816
2020-03-21,1155.5905918407984
2020-03-22,1047.7148495594486
2020-03-23,1074.004067718177
2020-03-24,1094.9245140066973
2020-03-25,1083.3146358258734
2020-03-26,1075.4138777985431
2020-03-27,999.5198129534497
2020-03-28,969.7618404140859
2020-03-29,971.4028942493534
2020-03-30,947.7648673971323
2020-03-31,882.1982326867054
2020-04-01,1001.2932545965709
2020-04-02,971.0769358056142
2020-04-03,961.6719575213025
2020-04-04,955.5640527056108
2020-04-05,963.8625363258353
2020-04-06,965.2318407409457
2020-04-07,1088.1509353893669
2020-04-08,1018.6058710587553
2020-04-09,1024.2396341039723
2020-04-10,963.6264344673694
2020-04-11,893.0609312562273
2020-04-12,934.9314896384623
2020-04-13,965.7553485453068
2020-04-14,1047.9741276020284
2020-04-15,875.8339251727954
2020-04-16,863.0157857120679
2020-04-17,862.1734969200057
2020-04-18,980.1163328841295
2020-04-19,981.8369634247832
2020-04-20,979.5343421979624
2020-04-21,924.3124884691767
2020-04-22,979.4253743285087
2020-04-23,915.5203606596247
2020-04-24,963.9384861922222
2020-04-25,1116.2385055631546
2020-04-26,1049.4244464704536
2020-04-27,1261.8076490198464
2020-04-28,1278.614530372829
2020-04-29,1230.1624951013155
2020-04-30,1195.7839627483481
2020-05-01,1078.5538847806156
2020-05-02,1086.2847603661542
2020-05-03,1099.5589750352979
2020-05-04,1006.3530159623755
2020-05-05,1006.3530159623754
2020-05-06,997.9273535789235
2020-05-07,1030.9399642580158
2020-05-08,1044.2433738855648
2020-05-09,861.866313047831
2020-05-10,963.3489220583426
2020-05-11,969.0202567975635
2020-05-12,933.2646524478223
2020-05-13,933.2646524478221
2020-05-14,919.3361081884555
2020-05-15,864.175868403628
2020-05-16,876.8835532952841
2020-05-17,844.5569580745297
2020-05-18,869.4656030721462
2020-05-19,866.9392804032802
2020-05-20,935.7057845965873
2020-05-21,935.705784596587
2020-05-22,949.3971496141133
2020-05-23,1015.3053031034772
2020-05-24,1015.3053031034771
2020-05-25,1033.7119833468403
2020-05-26,816.3697912821006
2020-05-27,799.7847903726482
2020-05-28,839.8573400293312
2020-05-29,792.1683979787164
2020-05-30,775.2982185172399
2020-05-31,1021.0274339730942
2020-06-01,1021.027433973094
2020-06-02,1052.5546913730482
2020-06-03,1114.8712869643696
2020-06-04,1136.33284938094
2020-06-05,1191.8866190926194
2020-06-06,869.9854221207981
2020-06-07,829.0236396164978
2020-06-08,1256.6682808881474
2020-06-09,1316.2839833272487
2020-06-10,1323.1277026634073
2020-06-11,1442.5779062779072
2020-06-12,1442.5779062779072
2020-06-13,1302.3136389426172
2020-06-14,972.5076938308794
2020-06-15,941.3267460133363
2020-06-16,1140.0390642722843
2020-06-17,1106.8997513878146
2020-06-18,1038.250172763981
2020-06-19,1166.4996103723133
2020-06-20,1172.448761268014
2020-06-21,1652.1108698176
2020-06-22,1305.9150874405148
2020-06-23,1299.6689512464095
2020-06-24,2267.7534810343254
2020-06-25,2720.5746650733495
2020-06-26,2745.6353915790337
2020-06-27,2711.879716248671
2020-06-28,2490.9463963624266
2020-06-29,2446.7235277766054
2020-06-30,2164.9199703786244
2020-07-01,2109.545341510518
2020-07-02,2224.2484627683207
2020-07-03,1883.8567527058954
2020-07-04,1513.0439190592092
2020-07-05,2164.4866978755445
2020-07-06,2244.748067956326
2020-07-07,2286.2915115251026
2020-07-08,2378.489269887526
2020-07-09,2372.87626065611
2020-07-10,2510.0252747508557
2020-07-11,2600.527373998435
2020-07-12,2554.4636455129466
2020-07-13,2681.797695032849
2020-07-14,2647.504444702629
2020-07-15,2679.2077413635466
2020-07-16,2905.3485675544853
2020-07-17,3074.1979245325624
2020-07-18,2931.614239155074
2020-07-19,2869.267428124717
2020-07-20,2871.4089501869157
2020-07-21,2835.2780337240965
2020-07-22,2709.284933615106
2020-07-23,2788.6223032215653
2020-07-24,2741.3059294025425
2020-07-25,2748.5083551903576
2020-07-26,2748.077944408662
2020-07-27,2748.077944408662
2020-07-28,2747.732575025202
2020-07-29,3062.996007067767
2020-07-30,3068.994121025802
2020-07-31,3118.839875101303
2020-08-01,2405.808092151346
2020-08-02,2372.150178436324
2020-08-03,2013.7217068829666
2020-08-04,1980.0594294397824
2020-08-05,1897.2159791432075
2020-08-06,1940.1032435175614
2020-08-07,1940.1032435175614
2020-08-08,1929.3711825819846
2020-08-09,1982.340469135329
2020-08-10,2001.495595636236
2020-08-11,2010.1249330947905
2020-08-12,1592.2705022568157
2020-08-13,1553.315685412687
2020-08-14,1665.3318575653973
2020-08-15,1167.3776591363694
2020-08-16,1112.0840704735272
2020-08-17,1470.9508076413892
2020-08-18,1470.950807641389
2020-08-19,1479.8811580027023
2020-08-20,1479.881158002702
2020-08-21,1415.6794975517332
2020-08-22,1854.9999999999998
2020-08-23,1855.0
2020-08-24,
2020-08-25,
2020-08-26,
2020-08-27,
2020-08-28,2438.0
2020-08-29,2438.0
2020-08-30,2253.648973114337
2020-08-31,2261.493409184326
2020-09-01,2098.4751694351867
2020-09-02,1959.7897394659244
2020-09-03,1959.7897394659242
2020-09-04,1724.4782503609251
2020-09-05,1603.4259423410751
2020-09-06,1573.7876981455545
2020-09-07,1337.8779187495275
2020-09-08,1245.2510651247808
2020-09-09,1293.8964358047806
2020-09-10,1124.187380905377
2020-09-11,1075.6480046025456
2020-09-12,1076.2387569199473
2020-09-13,1131.4118052139156
2020-09-14,1131.8737546369364
2020-09-15,980.236893878119
2020-09-16,996.3364141519257
2020-09-17,1006.9170793116147
2020-09-18,1009.0422101256173
2020-09-19,931.8336648910278
2020-09-20,1038.1253906941135
2020-09-21,1011.3887875224702
2020-09-22,1072.1173277332289
2020-09-23,1191.9336763808194
2020-09-24,1130.7422273866791
2020-09-25,1136.0105648461804
2020-09-26,1205.653138435283
2020-09-27,1211.3564151292246
2020-09-28,1224.7655416156242
2020-09-29,1509.7984277002756
2020-09-30,1396.3469225032225
2020-10-01,1242.8954548197908
2020-10-02,1139.2365098076755
2020-10-03,1171.3736552889327
2020-10-04,1179.3814209632797
2020-10-05,1096.3896950786873
2020-10-06,1063.0423610130279
2020-10-07,1108.6622090369374
2020-10-08,1129.660289723991
2020-10-09,1153.6976552333576
2020-10-10,1236.5373124024873
2020-10-11,1300.9097652878231
2020-10-12,1194.2031231037759
2020-10-13,1241.8535395044744
2020-10-14,1244.109801771201
2020-10-15,1183.4048733215845
2020-10-16,1183.6603119282636
2020-10-17,1143.1486812152762
2020-10-18,1138.3420606863024
2020-10-19,1150.269000498583
2020-10-20,1128.8942465132482
2020-10-21,1128.8942465132482
2020-10-22,1133.3010755303549
2020-10-23,1143.7608743866342
2020-10-24,1145.826507433683
2020-10-25,1144.0075230443802
2020-10-26,1207.8656501615292
2020-10-27,1216.0642134980706
2020-10-28,1082.6769231802127
2020-10-29,1082.6769231802127
2020-10-30,1074.15015143978
2020-10-31,1050.9286744457597
2020-11-01,1050.9286744457595
2020-11-02,1024.8218703528703
2020-11-03,1060.1981401456442
2020-11-04,1067.2423431452003
2020-11-05,1249.2073206577031
2020-11-06,1213.9747672821352
2020-11-07,1225.4003440081642
2020-11-08,1220.8594926838216
2020-11-09,1220.8594926838218
2020-11-10,1235.2020867078065
2020-11-11,1053.6502618664754
2020-11-12,1025.5401050610149
2020-11-13,1005.4551293545586
2020-11-14,1023.113864473651
2020-11-15,1004.0300921775205
2020-11-16,1165.5592488788398
2020-11-17,1116.2025895348188
2020-11-18,1026.3898277511896
2020-11-19,997.9010313999254
2020-11-20,997.9010313999253
2020-11-21,1229.1973828623832
2020-11-22,1177.4810398342859
2020-11-23,1334.5827887191103
2020-11-24,1301.5346071173371
2020-11-25,1250.454200273644
2020-11-26,1244.8719146291069
2020-11-27,1114.325948818623
2020-11-28,1095.3953380636476
2020-11-29,1177.2188816246444
2020-11-30,1164.4482364990756
2020-12-01,1161.9648366438228
2020-12-02,1172.5588664977247
2020-12-03,1203.320714373701
2020-12-04,1314.778939201664
2020-12-05,1351.4728607134539
2020-12-06,1354.1183162142502
2020-12-07,1215.324595659207
2020-12-08,1247.386118881912
2020-12-09,1250.9809704040047
2020-12-10,1318.5029425206994
2020-12-11,1277.1047082563457
2020-12-12,1106.3054710375968
2020-12-13,1047.3379194835488
2020-12-14,1022.9432169714039
2020-12-15,966.2580070826631
2020-12-16,912.8124744806429
2020-12-17,891.1970109089762
2020-12-18,917.9065301968001
2020-12-19,893.7045533745821
2020-12-20,950.2700942521259
2020-12-21,1051.8155256048312
2020-12-22,1076.8881615856394
2020-12-23,1090.7720771676843
2020-12-24,1043.129445626699
2020-12-25,1045.4866849572884
2020-12-26,1074.6287892927728
2020-12-27,1025.6360600735227
2020-12-28,1013.7202499222885
2020-12-29,1147.9040241582752
2020-12-30,1234.6890893118234
2020-12-31,1163.8517657286754
2021-01-01,1191.9650938214982
2021-01-02,1318.1503236612
2021-01-03,1436.933932084447
2021-01-04,1308.8797709893731
2021-01-05,1308.430758175913
2021-01-06,1304.284483787275
2021-01-07,1321.0021011827578
2021-01-08,1173.1221841546574
2021-01-09,1470.0822917618536
2021-01-10,1459.7284697469445
2021-01-11,1646.6888223636963
2021-01-12,1646.688822363696
2021-01-13,1681.1939795439312
2021-01-14,2027.9875348331873
2021-01-15,2117.094025205249
2021-01-16,2143.4801219056926
2021-01-17,2267.560783880153
2021-01-18,2313.3256318750605
2021-01-19,1948.9196610890458
2021-01-20,2262.955739057152
2021-01-21,2262.6282285207344
2021-01-22,2383.5707162756694
2021-01-23,2383.5707162756694
2021-01-24,2388.949029054762
2021-01-25,2114.1711276813726
2021-01-26,2150.785310545399
2021-01-27,2441.6828395901134
2021-01-28,2261.624926075974
2021-01-29,2245.30380664227
2021-01-30,2350.462303720059
2021-01-31,2350.4623037200586
2021-02-01,2393.2776292814297
2021-02-02,2181.540924974022
2021-02-03,2136.990695743859
2021-02-04,2150.106928346358
2021-02-05,2268.4486853589456
2021-02-06,2249.2001635385914
2021-02-07,2245.557920662889
2021-02-08,2220.9794689827913
2021-02-09,2188.9188261262893
2021-02-10,2148.039404542731
2021-02-11,2148.039404542731
2021-02-12,1929.727107191997
2021-02-13,1900.6400025387497
2021-02-14,2002.1962156045895
2021-02-15,1785.0516316630574
2021-02-16,1768.092267208475
2021-02-17,1920.912052968994
2021-02-18,1851.879665018951
2021-02-19,1860.5704248226502
2021-02-20,1655.7434049148233
2021-02-21,1712.4526549373134
2021-02-22,1729.8679452517654
2021-02-23,1627.1846765764699
2021-02-24,1539.0221084598902
2021-02-25,1727.012936366205
2021-02-26,1683.5457044315267
2021-02-27,1667.331858733177
2021-02-28,1631.2012521141196
2021-03-01,1506.8300856729109
2021-03-02,1506.8225469393533
2021-03-03,1415.189412591421
2021-03-04,1322.8986935809367
2021-03-05,1308.1161527597308
2021-03-06,1399.8358069478477
2021-03-07,1351.1438674989258
2021-03-08,1279.2382434943522
2021-03-09,1223.7159670995186
2021-03-10,1221.128246607241
2021-03-11,1220.4105187723471
2021-03-12,1220.4105187723471
2021-03-13,1167.852119321909
2021-03-14,1228.8100296970408
2021-03-15,1189.4568979056614
2021-03-16,1075.808256275356
2021-03-17,1100.1330948974478
2021-03-18,1191.2998751876025
2021-03-19,1125.634257045813
2021-03-20,1125.634257045813
2021-03-21,1116.6990984361826
2021-03-22,1113.523049643468
2021-03-23,878.8413496354868
2021-03-24,892.0378004786917
2021-03-25,970.8807786665207
2021-03-26,1098.7446085165777
2021-03-27,1082.7579555816242
2021-03-28,1089.0662008556715
2021-03-29,1089.0662008556712
2021-03-30,1129.3366534069376
2021-03-31,1140.8381960622971
2021-04-01,1085.0586602838985
2021-04-02,1143.4377734585184
2021-04-03,1148.8217945527476
2021-04-04,1115.3553060003012
2021-04-05,1115.3553060003012
2021-04-06,1111.5759102244128
2021-04-07,954.0335462429668
2021-04-08,948.1249356974641
2021-04-09,906.8565269150989
2021-04-10,907.6172120430012
2021-04-11,891.0566904536903
2021-04-12,948.0053622660251
2021-04-13,1043.0588658690626
2021-04-14,1055.918304771625
2021-04-15,1003.3051421003635
2021-04-16,1003.3051421003634
2021-04-17,1012.873445444188
2021-04-18,1022.403997268843
2021-04-19,1025.3948818866695
2021-04-20,1006.9468034476605
2021-04-21,937.1318916166264
2021-04-22,936.1555605139894
2021-04-23,1105.2477711472945
2021-04-24,1105.2477711472945
2021-04-25,1114.763550742593
2021-04-26,1046.182722208611
2021-04-27,1046.182722208611
2021-04-28,1066.0913470159192
2021-04-29,1023.4551580701533
2021-04-30,1003.6136485282199
2021-05-01,1051.4234937012454
2021-05-02,1050.7822069599642
2021-05-03,1085.0171810240274
2021-05-04,1039.4374549330992
2021-05-05,1039.4374549330992
2021-05-06,1019.3810289473815
2021-05-07,853.0843795303172
2021-05-08,949.056586784037
2021-05-09,1001.1280151443445
2021-05-10,944.4605100722564
2021-05-11,1055.343528501584
2021-05-12,1015.9970580843006
2021-05-13,1017.1948595365056
2021-05-14,1043.3928774662124
2021-05-15,1148.7948417369773
2021-05-16,1158.6857598835163
2021-05-17,1067.5952287040259
2021-05-18,990.9856894510042
2021-05-19,1076.5274920730562
2021-05-20,1063.8055447415747
2021-05-21,1064.9061134561887
2021-05-22,1047.077882597387
2021-05-23,937.5057746225692
2021-05-24,943.119301221921
2021-05-25,779.8859992622979
2021-05-26,619.0180506161347
2021-05-27,741.9539989927313
2021-05-28,814.8164340991989
2021-05-29,826.8906617228841
2021-05-30,798.8125242557276
2021-05-31,706.2681990484946
2021-06-01,709.4302158893585
2021-06-02,812.294124065894
2021-06-03,845.8994244556528
2021-06-04,840.612699819379
2021-06-05,816.3008450354944
2021-06-06,798.1025072721686
2021-06-07,849.7040950955264
2021-06-08,852.8854029692413
2021-06-09,909.1684909325697
2021-06-10,872.8022628462066
2021-06-11,784.6558857634448
2021-06-12,784.5075146010618
2021-06-13,1054.0307837456774
2021-06-14,796.6155236360855
2021-06-15,1067.8720866001945
2021-06-16,1817.9649589226174
2021-06-17,2297.097735107512
2021-06-18,2510.600937107464
2021-06-19,2487.8108444850927
2021-06-20,2533.9450171662006
2021-06-21,2499.374786476433
2021-06-22,2553.443200928491
2021-06-23,2491.5772730010567
2021-06-24,2061.3929804467657
2021-06-25,1998.6606380961855
2021-06-26,1852.8195395643509
2021-06-27,1852.8195395643504
2021-06-28,1804.8735270931963
2021-06-29,1563.426724951971
2021-06-30,1563.426724951971
2021-07-01,1526.8946773786784
2021-07-02,1526.8946773786781
2021-07-03,1429.0
2021-07-04,1429.0
2021-07-05,1429.0
2021-07-06,
2021-07-07,3059.0
2021-07-08,3059.0
2021-07-09,3059.0
2021-07-10,2951.5343889413894
2021-07-11,2951.5343889413894
2021-07-12,2942.9962634153503
2021-07-13,2713.2419332450877
2021-07-14,2690.7927754404463
2021-07-15,2500.5705405602966
2021-07-16,2500.570540560296
2021-07-17,2459.264460051449
2021-07-18,2038.9178339884984
2021-07-19,1960.8437626857208
2021-07-20,1895.6488403321277
2021-07-21,2293.696537678556
2021-07-22,2293.3696996579833
2021-07-23,2191.524877418764
2021-07-24,2191.5248774187635
2021-07-25,2845.140681607784
2021-07-26,3152.1232652076806
2021-07-27,3152.1232652076806
2021-07-28,2550.0942265928365
2021-07-29,2251.265520744988
2021-07-30,2711.8432885742764
2021-07-31,2669.4607950895916
2021-08-01,2689.957882520059
2021-08-02,2633.019541867548
2021-08-03,2707.409857002685
2021-08-04,2745.80623264605
2021-08-05,2338.425628702229
2021-08-06,2270.862107418244
2021-08-07,2253.943732317005
2021-08-08,1866.6328298644394
2021-08-09,1821.2698221367339
2021-08-10,1837.3123247941744
2021-08-11,1860.476861899338
2021-08-12,1917.8823427476402
2021-08-13,1882.202600057063
2021-08-14,1806.8008253481244
2021-08-15,1822.5425755239612
2021-08-16,1644.8340735898548
2021-08-17,1509.3742943439847
2021-08-18,1620.5482398490196
2021-08-19,1913.3205073759577
2021-08-20,1853.0883326943506
2021-08-21,2179.0828640188893
2021-08-22,2233.363121299473
2021-08-23,2271.0475377631215
2021-08-24,2156.333581749803
2021-08-25,1830.1273178760546
2021-08-26,1793.6447188921425
2021-08-27,1731.0355095609495
2021-08-28,1621.7822473265906
2021-08-29,1501.1476119738809
2021-08-30,1545.9288071990568
2021-08-31,1542.3319470437596
2021-09-01,1471.9894457665794
2021-09-02,1450.6469421006768
2021-09-03,1441.8464431700424
2021-09-04,1313.50604807455
2021-09-05,1319.1614960261788
2021-09-06,1302.4724806794084
2021-09-07,1145.9016292408114
2021-09-08,1135.827613646691
2021-09-09,1140.4907346629423
2021-09-10,1197.9963483144302
2021-09-11,1201.6276365852154
2021-09-12,1238.1154013190478
2021-09-13,1238.115401319048
2021-09-14,1263.7280964339832
2021-09-15,1609.615011654828
2021-09-16,1647.745664940698
2021-09-17,1720.008399927268
2021-09-18,1707.8410620869781
2021-09-19,1734.970378340064
2021-09-20,1541.2809908106042
2021-09-21,1541.280990810604
2021-09-22,1510.3870772221367
2021-09-23,1302.7225858151533
2021-09-24,1265.1428866128695
2021-09-25,1206.0647487397493
2021-09-26,1161.4505311893201
2021-09-27,1144.3788284273999
2021-09-28,1180.577756367891
2021-09-29,1194.2830375814501
2021-09-30,1196.5738719961812
2021-10-01,1110.313475308298
2021-10-02,1110.313475308298
2021-10-03,1107.4334484379615
2021-10-04,1018.5295370948613
2021-10-05,1002.2319388995609
2021-10-06,1138.2387539518745
2021-10-07,1074.1599126293634
2021-10-08,1077.806227385644
2021-10-09,1098.1879972536935
2021-10-10,1098.187997253693
2021-10-11,1112.362778975416
2021-10-12,1032.3654072064044
2021-10-13,1013.0977770765488
2021-10-14,1015.4586232559093
2021-10-15,904.0582886684123
2021-10-16,1047.9890618606137
2021-10-17,1000.4498195187759
2021-10-18,926.0123241866911
2021-10-19,982.6426045711903
2021-10-20,1040.131166437652
2021-10-21,1040.131166437652
2021-10-22,1037.9037074734301
2021-10-23,1045.5407230358846
2021-10-24,1051.5444400656777
2021-10-25,1033.4711549943302
2021-10-26,962.5007848302301
2021-10-27,1078.6426028929804
2021-10-28,1164.3216160545776
2021-10-29,1170.3485989195385
2021-10-30,1214.9007790647204
2021-10-31,1161.2534745078221
2021-11-01,1168.9847267118782
2021-11-02,1173.7181083789385
2021-11-03,1047.1247653538562
2021-11-04,1047.3168466991185
2021-11-05,1106.5153326985205
2021-11-06,1132.8814703147843
2021-11-07,1041.3290317919495
2021-11-08,1070.4192892047445
2021-11-09,1066.844096229684
2021-11-10,1071.8963805613912
2021-11-11,1038.5168738199789
2021-11-12,1028.1951173189639
2021-11-13,833.1183500748768
2021-11-14,837.0362390947308
2021-11-15,846.4182857703539
2021-11-16,975.2946442192573
2021-11-17,1001.551417203201
2021-11-18,1032.4492080200148
2021-11-19,1050.5149235874771
2021-11-20,1069.8377848526272
2021-11-21,956.4615219730849
2021-11-22,910.0156282140595
2021-11-23,893.3188312479416
2021-11-24,1000.4705093233431
2021-11-25,962.8034445773388
2021-11-26,1020.9084345201494
2021-11-27,1092.8074006057973
2021-11-28,1271.2300170599815
2021-11-29,1235.8055786496147
2021-11-30,1235.8055786496147
2021-12-01,1241.733423256027
2021-12-02,1245.2378624456767
2021-12-03,1253.7309516523956
2021-12-04,1169.0964738870243
2021-12-05,1056.6988639935603
2021-12-06,1052.5888884700423
2021-12-07,1022.3552250156541
2021-12-08,1022.355225015654
2021-12-09,1002.8135695467456
2021-12-10,979.2843471963323
2021-12-11,969.1377631263988
2021-12-12,970.26141837699
2021-12-13,1187.6213047043907
2021-12-14,1207.1735652624216
2021-12-15,1101.3318595747646
2021-12-16,1099.380348227747
2021-12-17,1108.2351639303893
2021-12-18,1082.519832190939
2021-12-19,1082.5198321909393
2021-12-20,1060.9867725720749
2021-12-21,1017.2616998730834
2021-12-22,1016.41510836147
2021-12-23,1167.2531004514037
2021-12-24,1080.192194651437
2021-12-25,1081.8278572940567
2021-12-26,1109.444952976545
2021-12-27,1109.4449529765448
2021-12-28,1121.7379985266593
2021-12-29,1238.9078672275054
2021-12-30,1235.2486205575033
2021-12-31,1271.321602732031
2022-01-01,1931.6919285075928
2022-01-02,2010.1192982267246
2022-01-03,2434.183087314779
2022-01-04,2301.6530218574553
2022-01-05,2456.6691596957594
2022-01-06,2287.4121274490417
2022-01-07,2287.4121274490412
2022-01-08,2180.2285222596297
2022-01-09,2094.446428246982
2022-01-10,2136.582343549807
2022-01-11,2059.2685981754466
2022-01-12,2135.6759164651053
2022-01-13,2176.962150084164
2022-01-14,2138.3632159503527
2022-01-15,2142.9492197209615
2022-01-16,2242.0395844595905
2022-01-17,2458.6252115032785
2022-01-18,2487.839408103009
2022-01-19,2580.1070041938997
2022-01-20,2601.88351706829
2022-01-21,2760.206641917476
2022-01-22,2594.050764367611
2022-01-23,2517.1255781980876
2022-01-24,2424.5847688837403
2022-01-25,2510.4826072234505
2022-01-26,2502.60692344869
2022-01-27,2695.953563995506
2022-01-28,2508.8949764960303
2022-01-29,2516.838086171582
2022-01-30,2794.05369613638
2022-01-31,2654.694122681549
2022-02-01,2646.3650699643276
2022-02-02,2641.1067310979115
2022-02-03,2624.6484975728567
2022-02-04,2611.5224526327092
2022-02-05,2581.0150505566266
2022-02-06,2552.581868937773
2022-02-07,2771.2668105530533
2022-02-08,2546.145789892107
2022-02-09,2553.462213795836
2022-02-10,2446.871494194504
2022-02-11,2509.519162169881
2022-02-12,2338.8785284841465
2022-02-13,2327.6159329876486
2022-02-14,2296.896339824516
2022-02-15,2379.354111027012
2022-02-16,2266.2536012037936
2022-02-17,2121.1375528610206
2022-02-18,2131.4257376700534
2022-02-19,2138.245464692043
2022-02-20,2128.723514007191
2022-02-21,2128.723514007191
2022-02-22,2096.8220777078686
2022-02-23,1952.183014843423
2022-02-24,1960.631544295913
2022-02-25,1857.2195305075122
2022-02-26,1917.0373958848793
2022-02-27,1903.0804419165495
2022-02-28,1722.3802815168788
2022-03-01,1722.3802815168788
2022-03-02,1709.3669145730307
2022-03-03,1653.0064986794719
2022-03-04,1639.5322597606569
2022-03-05,1591.1399791835506
2022-03-06,1660.8971596540528
2022-03-07,1673.9468034476604
2022-03-08,1521.2428647489858
2022-03-09,1521.2428647489853
2022-03-10,1509.6667040080395
2022-03-11,1277.345822569516
2022-03-12,1277.3458225695158
2022-03-13,1219.5384180844187
2022-03-14,1187.248674446142
2022-03-15,1164.8143473084901
2022-03-16,1179.6094835197528
2022-03-17,1136.5372211919882
2022-03-18,1135.7929732478813
2022-03-19,1083.2403521711697
2022-03-20,1083.2403521711697
2022-03-21,1074.429590094039
2022-03-22,1002.0755389404402
2022-03-23,985.7384727703586
2022-03-24,993.2183341392265
2022-03-25,1056.1902523937922
2022-03-26,1075.6967673149238
2022-03-27,1085.853295611907
2022-03-28,1085.853295611907
2022-03-29,1044.343932161439
2022-03-30,1044.3439321614387
2022-03-31,1181.9685990815633
2022-04-01,1271.555099072608
2022-04-02,1196.5752811846244
2022-04-03,1189.542572402328
2022-04-04,1104.6033221490507
2022-04-05,1110.6858044696135
2022-04-06,961.3661657633776
2022-04-07,959.8268778398935
2022-04-08,978.6956029941352
2022-04-09,943.6564009329013
2022-04-10,956.8668531975497
2022-04-11,955.3108159356066
2022-04-12,1011.4029714599288
2022-04-13,1023.3558023734116
2022-04-14,1026.8339294536174
2022-04-15,1012.4020090252415
2022-04-16,1019.2518790762689
2022-04-17,958.5538993245419
2022-04-18,977.9936568453105
2022-04-19,961.17232414947
2022-04-20,1000.1272064499223
2022-04-21,998.7250092911905
2022-04-22,981.595681247228
2022-04-23,841.0399435846969
2022-04-24,838.7481507532331
2022-04-25,1022.3943719345943
2022-04-26,1076.2813248775583
2022-04-27,1041.1798004353461
2022-04-28,1031.1936904404251
2022-04-29,1034.7483165140907
2022-04-30,1025.2479136541451
2022-05-01,1009.4378632066997
2022-05-02,996.0711091366411
2022-05-03,907.7010041270765
2022-05-04,846.9337587451215
2022-05-05,846.2103238837783
2022-05-06,820.471334725125
2022-05-07,813.1609625441286
2022-05-08,843.313648046797
2022-05-09,833.0923112712409
2022-05-10,834.0041358756106
2022-05-11,856.5768562819305
2022-05-12,878.7220931397848
2022-05-13,890.9214936566043
2022-05-14,900.53071128849
2022-05-15,900.556485097302
2022-05-16,863.5533090340575
2022-05-17,863.5533090340574
2022-05-18,862.3692168506768
2022-05-19,862.2616507495134
2022-05-20,858.8939626292085
2022-05-21,678.71192964923
2022-05-22,678.7119296492299
2022-05-23,662.8262820513625
2022-05-24,792.6949590321631
2022-05-25,792.6949590321632
2022-05-26,782.4349836394115
2022-05-27,887.2536857198047
2022-05-28,919.8293933972504
2022-05-29,760.7325530490671
2022-05-30,760.7325530490668
2022-05-31,747.7198966891472
2022-06-01,675.3129389452573
2022-06-02,675.3129389452573
2022-06-03,868.0059062955806
2022-06-04,865.300233574048
2022-06-05,879.344036289218
2022-06-06,800.9234878983565
2022-06-07,800.9234878983564
2022-06-08,817.5816264739748
2022-06-09,856.8338888718936
2022-06-10,841.8667625388609
2022-06-11,769.1300818233844
2022-06-12,791.1460770798035
2022-06-13,951.1768457529358
2022-06-14,836.6412129613905
2022-06-15,836.6412129613906
2022-06-16,896.5298712767147
2022-06-17,996.9969928840521
2022-06-18,1204.2057989616014
2022-06-19,1347.340566213949
2022-06-20,1799.0269641705913
2022-06-21,1886.278016107014
2022-06-22,1585.4658556147292
2022-06-23,1363.5793515087448
2022-06-24,1550.5678519601847
2022-06-25,1681.1852042281243
2022-06-26,1634.4573481257273
2022-06-27,1711.8891299518273
2022-06-28,1654.7033248151488
2022-06-29,1810.6428430226479
2022-06-30,1965.8463123510396
2022-07-01,1966.9930576879408
2022-07-02,1806.2085638245314
2022-07-03,2028.9652981481563
2022-07-04,2176.0653240245274
2022-07-05,2404.1097142611884
2022-07-06,2385.830931811679
2022-07-07,2143.3357214937632
2022-07-08,2130.3600636167716
2022-07-09,2116.541520950057
2022-07-10,1852.0706887253837
2022-07-11,2171.0065792230985
2022-07-12,2135.454552148395
2022-07-13,2296.440827246209
2022-07-14,2943.809921266854
2022-07-15,2775.4987977386395
2022-07-16,3234.6221225647223
2022-07-17,3320.5015166116204
2022-07-18,2874.1255456549393
2022-07-19,2752.613940955306
2022-07-20,2834.872712124597
2022-07-21,2907.98359845508
2022-07-22,3013.248105990211
2022-07-23,2695.8916061459613
2022-07-24,2774.4028993697502
2022-07-25,3071.7493478395118
2022-07-26,2974.444328858766
2022-07-27,2793.4458706666305
2022-07-28,2487.1018510960166
2022-07-29,2757.0533194404898
2022-07-30,2774.3607059677192
2022-07-31,2499.0609118329685
2022-08-01,2349.945519077293
2022-08-02,2334.2368825997646
2022-08-03,2217.8302632172226
2022-08-04,2119.506401067048
2022-08-05,2166.0189302275576
2022-08-06,2034.933532837734
2022-08-07,1824.3039500061395
2022-08-08,1539.2085407297604
2022-08-09,1728.744155965649
2022-08-10,1182.483396535443
2022-08-11,1290.1536320560035
2022-08-12,1208.7098325421305
2022-08-13,1149.4038451025694
2022-08-14,1454.5457886298404
2022-08-15,1977.5142148482164
2022-08-16,1712.7125473316853
2022-08-17,2004.4700331385354
2022-08-18,2022.5486028811874
2022-08-19,2044.589694251563
2022-08-20,1741.4152263966173
2022-08-21,1710.6987193058646
2022-08-22,1665.183341064275
2022-08-23,1404.1597948285198
2022-08-24,1355.8720319341198
2022-08-25,1363.1321108723357
2022-08-26,1390.1227360394832
2022-08-27,1408.6544163257604
2022-08-28,1258.5038797086702
2022-08-29,1243.9741755922698
2022-08-30,1206.2670411286647
2022-08-31,1127.7044530314975
2022-09-01,866.5091676409098
2022-09-02,902.0092259561652
2022-09-03,878.8052491864169
2022-09-04,846.613449568155
2022-09-05,806.8291063331787
2022-09-06,954.9231994585824
2022-09-07,1015.6745502542159
2022-09-08,1073.3322749413983
2022-09-09,977.5076465560736
2022-09-10,931.8314766002012
2022-09-11,1055.9114689061469
2022-09-12,914.6034834200906
2022-09-13,951.5742761495646
2022-09-14,903.4631728616658
2022-09-15,937.1901449545767
2022-09-16,1035.2072589504157
2022-09-17,1094.6924465494392
2022-09-18,987.0040242520729
2022-09-19,1005.1062860329191
2022-09-20,828.963768584324
2022-09-21,840.3001733125019
2022-09-22,1099.410685248581
2022-09-23,1023.6204256449968
2022-09-24,1183.3899078277225
2022-09-25,1204.5046821808876
2022-09-26,1243.2709825023383
2022-09-27,1274.170809417657
2022-09-28,1221.1785929099965
2022-09-29,1180.1045458775454
2022-09-30,1028.4646456904748
2022-10-01,997.0329944992732
2022-10-02,892.033273499919
2022-10-03,844.8496562103612
2022-10-04,718.1069465056124
2022-10-05,702.7160471736175
2022-10-06,760.3228718720932
2022-10-07,651.9982407144779
2022-10-08,963.8004441704886
2022-10-09,890.3686075738923
2022-10-10,973.1066785075869
2022-10-11,984.3907894697675
2022-10-12,961.6666640968327
2022-10-13,1048.5161630177304
2022-10-14,950.6893721412488
2022-10-15,962.9414419275413
2022-10-16,965.8994459640809
2022-10-17,928.350065047758
2022-10-18,963.3762834091859
2022-10-19,1082.851888419726
2022-10-20,1130.1836936342283
2022-10-21,1150.1573767040802
2022-10-22,1199.4270811742033
2022-10-23,1007.3983899130884
2022-10-24,862.8511841493831
2022-10-25,972.2540556614438
2022-10-26,1043.391499977426
2022-10-27,977.7478751830939
2022-10-28,977.747875183094
2022-10-29,1065.10247258129
2022-10-30,1137.322295738692
2022-10-31,1094.0753048111362
2022-11-01,975.8882923564861
2022-11-02,964.6570780742926
2022-11-03,994.228199191672
2022-11-04,1137.9269192906827
2022-11-05,1131.340265920544
2022-11-06,1127.4509918947433
2022-11-07,1035.7550446851335
2022-11-08,658.1970496319221
2022-11-09,922.5757156989486
2022-11-10,965.5431678737611
2022-11-11,1104.7882576227507
2022-11-12,1140.9328164642445
2022-11-13,1140.9328164642443
2022-11-14,1195.9671366984871
2022-11-15,1196.3444074733961
2022-11-16,1268.283426099396
2022-11-17,998.5793468673921
2022-11-18,1046.492736469511
2022-11-19,900.2687349288541
2022-11-20,919.9606479846558
2022-11-21,983.9481372529671
2022-11-22,979.6421546612852
2022-11-23,1042.199867101755
2022-11-24,930.4040803986401
2022-11-25,805.1286062570811
2022-11-26,921.5249388196484
2022-11-27,1148.5878589562187
2022-11-28,1057.6766130964393
2022-11-29,1000.9605855736926
2022-11-30,1069.6967918468547
2022-12-01,1114.7157688682014
2022-12-02,1035.611715512947
2022-12-03,1009.4085271852193
2022-12-04,1015.6047229638983
2022-12-05,886.3749227115261
2022-12-06,950.2661484206241
2022-12-07,1013.6534005724991
2022-12-08,1121.5136650640263
2022-12-09,1122.582058396632
2022-12-10,829.418257192103
2022-12-11,849.6978925465154
2022-12-12,880.6133914896099
2022-12-13,890.4007463645977
2022-12-14,936.0796151732343
2022-12-15,952.2620531572725
2022-12-16,960.0772486376447
2022-12-17,1117.1093758227628
2022-12-18,1118.3969304392958
2022-12-19,1017.177294482375
2022-12-20,1072.1372839957783
2022-12-21,959.0207171832088
2022-12-22,1122.5975662850183
2022-12-23,1067.0870505994253
2022-12-24,1120.5084969500015
2022-12-25,1064.7225573643516
2022-12-26,1012.041855516769
2022-12-27,927.6891598423808
2022-12-28,1020.0800118124243
2022-12-29,1194.1871151929317
2022-12-30,1293.426552395267
2022-12-31,1316.6681006662
2023-01-01,1312.1984041440055
2023-01-02,1490.7434218463393
2023-01-03,1433.0212588972072
2023-01-04,1327.3840448743604
2023-01-05,1561.0078596060578
2023-01-06,1304.658027166977
2023-01-07,1260.8647276132535
2023-01-08,1353.9818648813496
2023-01-09,1332.5070203509397
2023-01-10,1577.4749569657783
2023-01-11,1547.2932965625666
2023-01-12,1890.8679321379554
2023-01-13,1828.591178389845
2023-01-14,1611.7492543034848
2023-01-15,1684.3528907470034
2023-01-16,1684.3528907470031
2023-01-17,1388.7073214950549
2023-01-18,1567.413853718733
2023-01-19,1389.7762042210304
2023-01-20,1333.010665743113
2023-01-21,1940.3766477034642
2023-01-22,1756.6310650949456
2023-01-23,2092.0017634828973
2023-01-24,1929.4047695540633
2023-01-25,1931.9516958199051
2023-01-26,1964.5619351177768
2023-01-27,1488.2956811109916
2023-01-28,1635.6863741354307
2023-01-29,1608.7102529433162
2023-01-30,1403.93703006652
2023-01-31,1491.1561718731814
2023-02-01,1491.1561718731812
2023-02-02,1487.7186920400675
2023-02-03,1730.6747549907366
2023-02-04,1638.79279421251
2023-02-05,1598.6359295710108
2023-02-06,1857.7347784926997
2023-02-07,1797.3762686839325
2023-02-08,2053.407955357381
2023-02-09,1923.0527667072854
2023-02-10,1917.2872872145929
2023-02-11,1906.2670955823573
2023-02-12,1732.2778729637919
2023-02-13,1710.9679333336428
2023-02-14,1753.5280859118857
2023-02-15,1701.1806328449309
2023-02-16,1753.598970630761
2023-02-17,1753.598970630761
2023-02-18,1706.2347686880732
2023-02-19,1561.4751030771934
2023-02-20,1280.8201540305868
2023-02-21,1163.0683947156642
2023-02-22,1221.732990189079
2023-02-23,1336.2602994587744
2023-02-24,1187.0717810190079
2023-02-25,1390.6182840899335
2023-02-26,1368.0604232897992
2023-02-27,1272.407981943124
2023-02-28,1169.4387993345113
2023-03-01,1233.2470704842008
2023-03-02,1100.4902392910587
2023-03-03,1182.9646993862461
2023-03-04,1197.5433949351145
2023-03-05,1192.598304881683
2023-03-06,1239.7407097480864
2023-03-07,1244.0652403928857
2023-03-08,1138.0927356787317
2023-03-09,1087.7652566677787
2023-03-10,1070.6718120479338
2023-03-11,1102.9245997911512
2023-03-12,1057.431453502812
2023-03-13,1147.1840034925287
2023-03-14,1121.994334424376
2023-03-15,1201.6376406064876
2023-03-16,999.6382595702323
2023-03-17,1000.709120089508
2023-03-18,1050.2558994525405
2023-03-19,1147.1565958416363
2023-03-20,1107.7992193143705
2023-03-21,1109.2988180429334
2023-03-22,987.9553128317986
2023-03-23,968.1098775442989
2023-03-24,925.8510538533378
2023-03-25,810.1080779618715
2023-03-26,947.7692519327649
2023-03-27,1001.5331447095114
2023-03-28,827.1462520997583
2023-03-29,941.7824310353326
2023-03-30,892.5432951338686
2023-03-31,1015.059272753169
2023-04-01,1037.668943307635
2023-04-02,1033.059689960877
2023-04-03,1173.8204610924336
2023-04-04,1262.2667652406146
2023-04-05,1228.1919888736406
2023-04-06,1248.0773042833146
2023-04-07,1179.1956781206948
2023-04-08,1186.80371557713
2023-04-09,983.5176928618737
2023-04-10,982.4248359215262
2023-04-11,827.8102433098758
2023-04-12,778.7333668380329
2023-04-13,660.0273869929883
2023-04-14,783.3431247468577
2023-04-15,899.6956796131122
2023-04-16,1079.631024326145
2023-04-17,960.4026445762487
2023-04-18,976.7547109427057
2023-04-19,802.5192792737369
2023-04-20,956.7376106455006
2023-04-21,913.6066014117307
2023-04-22,902.9408629067997
2023-04-23,871.0402134933688
2023-04-24,881.2487855841681
2023-04-25,1230.2223780418656
2023-04-26,993.3968196320741
2023-04-27,864.0798372196958
2023-04-28,814.9637322577659
2023-04-29,683.8342143948479
2023-04-30,806.5556097364821
2023-05-01,817.3680162384079
2023-05-02,729.6025853278012
2023-05-03,711.7102843422631
2023-05-04,790.3324824081056
2023-05-05,842.1588412224146
2023-05-06,853.6431381203566
2023-05-07,709.7778290695597
2023-05-08,703.9557833336427
2023-05-09,738.6134736567444
2023-05-10,905.2180112527869
2023-05-11,880.2217570724896
2023-05-12,906.6104150544409
2023-05-13,979.0362518754108
2023-05-14,899.1967470137223
2023-05-15,747.5169057057383
2023-05-16,789.6548578057907
2023-05-17,743.4727103884986
2023-05-18,864.3800774211517
2023-05-19,811.3167572786484
2023-05-20,768.3239397112477
2023-05-21,819.8502408882024
2023-05-22,702.860069822047
2023-05-23,880.9963921865527
2023-05-24,859.4919331833147
2023-05-25,937.8124317391887
2023-05-26,1011.8208418912367
2023-05-27,1009.3187200649611
2023-05-28,928.0020836302081
2023-05-29,914.3230381511461
2023-05-30,756.5651382979008
2023-05-31,720.7486475569913
2023-06-01,724.196502867639
2023-06-02,700.4698497383931
2023-06-03,745.6744487787212
2023-06-04,732.0764948134672
2023-06-05,805.8576142088896
2023-06-06,869.8462650080019
2023-06-07,720.6956816216061
2023-06-08,920.1312915319897
2023-06-09,977.6347221545595
2023-06-10,995.1212958033055
2023-06-11,995.8443078328171
2023-06-12,930.8598133567705
2023-06-13,836.9569996077128
2023-06-14,825.6668906507845
2023-06-15,737.9044454294101
2023-06-16,869.0634721525767
2023-06-17,938.126292597119
2023-06-18,849.25230131441
2023-06-19,719.5401851856927
2023-06-20,691.4644314017263
2023-06-21,775.0513309387019
2023-06-22,766.9266375280553
2023-06-23,868.6784034602312
2023-06-24,838.0728964367509
2023-06-25,1293.9910159506817
2023-06-26,1513.6620380498075
2023-06-27,1626.6078348429196
2023-06-28,2216.332025793877
2023-06-29,2570.297955639396
2023-06-30,2746.770297749292
2023-07-01,2886.9601045995005
2023-07-02,2998.264982691145
2023-07-03,2627.6219385105965
2023-07-04,2664.91852747816
2023-07-05,2180.8658540329507
2023-07-06,2170.5024444444166
2023-07-07,1674.9799697858418
2023-07-08,1610.0055894831457
2023-07-09,1576.4877331478922
2023-07-10,1791.3424176813473
2023-07-11,1891.3719228806165
2023-07-12,1706.5474246270674
2023-07-13,1815.963245284074
2023-07-14,1650.6336866839742
2023-07-15,1702.7170883891085
2023-07-16,1924.0955983788187
2023-07-17,2307.3112923719937
2023-07-18,2465.4657044085557
2023-07-19,2652.7306490221513
2023-07-20,2676.8991773270513
2023-07-21,2697.030576548171
2023-07-22,2607.1036611129266
2023-07-23,2803.2141872164757
2023-07-24,2950.2471579183543
2023-07-25,2582.8832341179905
2023-07-26,2835.2861007629717
2023-07-27,2518.148130802595
2023-07-28,2545.948877260013
2023-07-29,2568.86934339329
2023-07-30,2371.9689355146024
2023-07-31,2291.308178433368
2023-08-01,1918.3960994582426
2023-08-02,1393.255582201505
2023-08-03,1476.0890637073303
2023-08-04,1454.3233764874806
2023-08-05,1747.007221597149
2023-08-06,1784.2840764055798
2023-08-07,2062.787087335572
2023-08-08,2165.6086691609353
2023-08-09,2230.201594518625
2023-08-10,2124.511571657787
2023-08-11,1991.2257872640134
2023-08-12,1805.9037042009275
2023-08-13,1541.8877540971284
2023-08-14,1435.67478677746
2023-08-15,1747.759636702424
2023-08-16,1597.5487154018629
2023-08-17,1256.5638466564249
2023-08-18,1353.2970054968355
2023-08-19,1373.4893680105256
2023-08-20,1453.0172495598365
2023-08-21,1516.1671566509992
2023-08-22,1450.9268071714089
2023-08-23,1373.84587847939
2023-08-24,1248.4387836072544
2023-08-25,1174.4427846000358
2023-08-26,948.4490494362062
2023-08-27,992.5634557812841
2023-08-28,1049.555649012605
2023-08-29,1008.1121848041894
2023-08-30,1006.8740809404542
2023-08-31,943.5173465623238
2023-09-01,827.1976303978499
2023-09-02,757.0602297848676
2023-09-03,754.4669188117803
2023-09-04,666.1771360093654
2023-09-05,785.4958751688744
2023-09-06,834.3306634395466
2023-09-07,769.5336412919079
2023-09-08,713.5181037645954
2023-09-09,896.3384725649431
2023-09-10,941.6243429655303
2023-09-11,909.059855325088
2023-09-12,949.5370405770619
2023-09-13,1060.679829477028
2023-09-14,1033.5787639653267
2023-09-15,1101.4096373787918
2023-09-16,1327.762611652956
2023-09-17,1224.207781119548
2023-09-18,1271.0491035501243
2023-09-19,1121.0001209872546
2023-09-20,1102.2148758070175
2023-09-21,1175.1331889220628
2023-09-22,1106.6917726539511
2023-09-23,1334.024057122852
2023-09-24,1138.5758086367805
2023-09-25,1202.1949646157473
2023-09-26,1171.2817919938655
2023-09-27,1184.0475179947791
2023-09-28,1117.487132324183
2023-09-29,1124.4744979553752
2023-09-30,1031.7798922266427
2023-10-01,1052.4115683998218
2023-10-02,639.2054792261204
2023-10-03,601.3395502334613
2023-10-04,822.846832221586
2023-10-05,863.191582593477
2023-10-06,925.1946790354838
2023-10-07,983.9965847106539
2023-10-08,997.4957467954601
2023-10-09,1031.2351260366574
2023-10-10,784.3925044902655
2023-10-11,872.6739043215865
2023-10-12,733.8415472862766
2023-10-13,712.6831083254706
2023-10-14,727.4008175479871
2023-10-15,714.1082456425611
2023-10-16,799.7085408301392
2023-10-17,834.3696594874439
2023-10-18,981.8559605102101
2023-10-19,899.6026191493353
2023-10-20,1050.2538574432374
2023-10-21,1094.4665613354725
2023-10-22,1319.220419838371
2023-10-23,1267.7506662166097
2023-10-24,1221.998210185194
2023-10-25,1242.6996301805557
2023-10-26,1038.006083401863
2023-10-27,978.9645519665678
2023-10-28,911.6457399492112
2023-10-29,1020.9840051335085
2023-10-30,1033.771221426348
2023-10-31,1055.6422269619
2023-11-01,1013.3619532383902
2023-11-02,1034.319638027181
2023-11-03,904.849158205048
2023-11-04,832.3104636336346
2023-11-05,942.0314321157142
2023-11-06,1000.6772182792917
2023-11-07,1148.0121898713185
2023-11-08,1223.3714002824654
2023-11-09,1223.3714002824652
2023-11-10,1185.8994866624225
2023-11-11,972.3376741237429
2023-11-12,886.2614662829263
2023-11-13,978.8306068171913
2023-11-14,1043.2963081721298
2023-11-15,1047.9470811099084
2023-11-16,951.9075175197297
2023-11-17,1019.608632617727
2023-11-18,947.1536307222353
2023-11-19,955.9015773713392
2023-11-20,920.5451065998762
2023-11-21,950.8718954174022
2023-11-22,1013.6005087995452
2023-11-23,1153.8353447132856
2023-11-24,1149.9514787496717
2023-11-25,1071.8877749351354
2023-11-26,1109.9806689923143
2023-11-27,950.7583259013661
2023-11-28,801.3394612993795
2023-11-29,758.1746515290096
2023-11-30,834.2314397137014
2023-12-01,826.2988612834087
2023-12-02,824.7148784780753
2023-12-03,963.8902225972553
2023-12-04,986.2100068468686
2023-12-05,980.2564733846971
2023-12-06,739.4621242103472
2023-12-07,704.0374892087381
2023-12-08,692.150659561552
2023-12-09,703.4459708773554
2023-12-10,806.7509666709328
2023-12-11,806.7509666709328
2023-12-12,784.792476749687
2023-12-13,893.3688600478524
2023-12-14,1031.6050378420398
2023-12-15,883.7982737222467
2023-12-16,1195.636273531681
2023-12-17,1160.8324379555145
2023-12-18,1155.234673947492
2023-12-19,1346.9402367981304
2023-12-20,1360.780354764737
2023-12-21,1228.262100396354
2023-12-22,1212.5293910622563
2023-12-23,1230.3490688258576
2023-12-24,1308.8974767174868
2023-12-25,1110.7468026392607
2023-12-26,1171.5266941125985
2023-12-27,1171.5266941125983
2023-12-28,1179.132390463707
2023-12-29,971.2182199866971
2023-12-30,932.5206684637717
2023-12-31,866.7389271087202
2024-01-01,1240.9854257978998
2024-01-02,1305.5237810837784
2024-01-03,1266.1207277461183
2024-01-04,1404.1209484440485
2024-01-05,1457.2063456713788
2024-01-06,1519.4278124621949
2024-01-07,1395.529860817377
2024-01-08,1883.2091646025813
2024-01-09,1853.041546389175
2024-01-10,1951.9934125822442
2024-01-11,1942.492578033169
2024-01-12,2040.3404565117146
2024-01-13,1988.0002791095458
2024-01-14,1888.9844328363843
2024-01-15,1515.3677679715477
2024-01-16,1569.4744983972807
2024-01-17,1664.836458716207
2024-01-18,1640.5556505098916
2024-01-19,1615.246260572368
2024-01-20,1722.5044449421628
2024-01-21,1885.7098499430897
2024-01-22,1909.4502860160808
2024-01-23,1418.31744394657
2024-01-24,1853.637063916261
2024-01-25,1957.8854453359331
2024-01-26,1860.2956844260211
2024-01-27,2029.4164363748735
2024-01-28,2259.3156534086006
2024-01-29,2199.2241767315168
2024-01-30,1988.2511251725282
2024-01-31,1577.26479809596
2024-02-01,1596.2217311030602
2024-02-02,1622.2304160152744
2024-02-03,1751.892698396494
2024-02-04,1706.5883617202944
2024-02-05,1868.2841123760725
2024-02-06,1668.8989188330877
2024-02-07,1680.157399924514
2024-02-08,1654.3525498178838
2024-02-09,1875.5155438472398
2024-02-10,1738.364820619201
2024-02-11,1629.3238529530825
2024-02-12,1575.4714311364396
2024-02-13,1864.7697733095724
2024-02-14,1726.568734179341
2024-02-15,1699.611181717458
2024-02-16,1412.4561092521985
2024-02-17,1397.0726897808634
2024-02-18,1359.2517293588298
2024-02-19,1568.1333630507665
2024-02-20,1609.7287715499604
2024-02-21,1630.9518624411146
2024-02-22,1620.6673893941625
2024-02-23,1527.6092352263686
2024-02-24,1390.6426854012245
2024-02-25,1514.471790298785
2024-02-26,1499.2985801179666
2024-02-27,1489.4749449126343
2024-02-28,1595.977957816558
2024-02-29,1517.4460579150705
2024-03-01,1380.1377371165208
2024-03-02,1147.0147667796898
2024-03-03,910.0715681362573
2024-03-04,830.9895195804559
2024-03-05,888.9129959495834
2024-03-06,889.3441079358067
2024-03-07,949.7317598572773
2024-03-08,1143.7768937304902
2024-03-09,1167.548163154161
2024-03-10,988.836809885374
2024-03-11,949.3653936814756
2024-03-12,1122.5410103374866
2024-03-13,1020.8964160381108
2024-03-14,955.7966087839833
2024-03-15,999.0274639497815
2024-03-16,999.0274639497815
2024-03-17,1054.974714287502
2024-03-18,972.3554622098385
2024-03-19,934.4978280501097
2024-03-20,919.5702462366614
2024-03-21,1023.1933908075895
2024-03-22,1156.5257794686943
2024-03-23,1066.89664767754
2024-03-24,1222.754185576866
2024-03-25,1240.8453625525808
2024-03-26,1148.9267852443288
2024-03-27,1058.8325699547802
2024-03-28,1124.9648870367978
2024-03-29,1204.4612981067528
2024-03-30,1078.9507923747897
2024-03-31,1029.0285375428475
2024-04-01,1029.0285375428475
2024-04-02,959.5830839985534
2024-04-03,965.5482768462825
2024-04-04,831.32843987638
2024-04-05,976.3265246864315
2024-04-06,863.5914795723311
2024-04-07,908.0795501614742
2024-04-08,908.0795501614742
2024-04-09,926.0057338017004
2024-04-10,919.2405689893078
2024-04-11,819.9293833468869
2024-04-12,575.4577719443075
2024-04-13,720.9902356937504
2024-04-14,826.2204931624657
2024-04-15,631.8415642520292
2024-04-16,784.9026541319705
2024-04-17,856.0885879943718
2024-04-18,941.0873498052091
2024-04-19,1038.818239843915
2024-04-20,1053.0679818965646
2024-04-21,955.21941310552
2024-04-22,1187.3039702093579
2024-04-23,1142.5133740729946
2024-04-24,1147.7715578027594
2024-04-25,1151.6474682531375
2024-04-26,1042.371617110701
2024-04-27,1041.9406148567184
2024-04-28,1090.2111056261456
2024-04-29,1066.9260529693602
2024-04-30,1021.2217207282027
2024-05-01,1075.144480558713
2024-05-02,1164.0767144525773
2024-05-03,1192.0825073100839
2024-05-04,1211.6014903051055
2024-05-05,1108.0065499794973
2024-05-06,1103.7640927692032
2024-05-07,1108.0241568623908
2024-05-08,1104.8020586908463
2024-05-09,1048.5712328941206
2024-05-10,941.9730789127333
2024-05-11,960.8473840923823
2024-05-12,863.3410850267936
2024-05-13,732.6238179745778
2024-05-14,691.7374726462098
2024-05-15,683.6043004977175
2024-05-16,779.1788803811324
2024-05-17,846.034600030289
2024-05-18,833.17341306385
2024-05-19,751.3577380812154
2024-05-20,766.4326082187987
2024-05-21,763.6142555388687
2024-05-22,803.1582324248569
2024-05-23,733.5947352641517
2024-05-24,806.6828298310832
2024-05-25,836.107053175543
2024-05-26,773.4035353641623
2024-05-27,854.30812607059
2024-05-28,859.1578927279919
2024-05-29,819.6428064198897
2024-05-30,855.7410651698387
2024-05-31,812.8497109192842
2024-06-01,938.2776195168161
2024-06-02,794.3398738414847
2024-06-03,861.7793672536242
2024-06-04,861.7793672536242
2024-06-05,1057.2763475988208
2024-06-06,1003.9348726724523
2024-06-07,1022.3479741687934
2024-06-08,877.445181178284
2024-06-09,857.2836486858298
2024-06-10,821.1057424966278
2024-06-11,791.8790054914023
2024-06-12,770.6755411456886
2024-06-13,764.9820606675867
2024-06-14,729.8363870981598
2024-06-15,757.6408183858587
2024-06-16,818.4639997072989
2024-06-17,760.5983926500494
2024-06-18,994.371757664996
2024-06-19,1004.6526730479953
2024-06-20,1004.6526730479952
2024-06-21,1342.3867026410746
2024-06-22,1198.6962365833106
2024-06-23,1215.399177259641
2024-06-24,1269.9023909967234
2024-06-25,1294.9456029106148
2024-06-26,762.9292601572739
2024-06-27,762.929260157274
2024-06-28,773.0487830546846
2024-06-29,1130.8057297440564
2024-06-30,1162.565943684721
2024-07-01,1267.435892995527
2024-07-02,1226.589821348416
2024-07-03,1335.9829607124527
2024-07-04,1264.7309506911529
2024-07-05,1298.8656835656348
2024-07-06,1099.8242919153195
2024-07-07,984.2774776896903
2024-07-08,962.7713810132707
2024-07-09,1062.7978120345429
2024-07-10,1000.7406064285957
2024-07-11,910.1583516992539
2024-07-12,888.723960472952
2024-07-13,1044.7906941822873
2024-07-14,1106.8647089208303
2024-07-15,1106.86470892083
2024-07-16,1097.1204907577317
2024-07-17,1298.3873374463399
2024-07-18,1562.1992144263324
2024-07-19,1638.4672781989175
2024-07-20,1661.5451768687453
2024-07-21,1636.2898508264552
2024-07-22,1567.193319065749
2024-07-23,1642.3618740517165
2024-07-24,1674.720264500057
2024-07-25,1809.327499737643
2024-07-26,1919.7254059604757
2024-07-27,1919.7254059604757
2024-07-28,2318.3143846399284
2024-07-29,2512.842273972327
2024-07-30,2344.736849557465
2024-07-31,2376.4078433839836
2024-08-01,2681.7156657544633
2024-08-02,2635.0909768668694
2024-08-03,1746.4084317543634
2024-08-04,1689.770701067255
2024-08-05,2136.6257870389027
2024-08-06,1970.5662049376608
2024-08-07,1484.8726301456195
2024-08-08,1406.1600544316498
2024-08-09,1777.483043798037
2024-08-10,2180.8045443554247
2024-08-11,2339.510757251178
2024-08-12,2226.8055550552663
2024-08-13,2110.138495414246
2024-08-14,2181.4681125814095
2024-08-15,2181.4681125814095
2024-08-16,2130.4473320128227
2024-08-17,1915.2200773095472
2024-08-18,1870.746083517434
2024-08-19,1853.0755403883657
2024-08-20,1787.2149737580673
2024-08-21,1597.627972540364
2024-08-22,1597.627972540364
2024-08-23,1549.8043356470096
2024-08-24,1455.5231456801898
2024-08-25,1388.89203654121
2024-08-26,1388.8920365412102
2024-08-27,1535.557090139249
2024-08-28,1524.87376780884
2024-08-29,1432.0942406636252
2024-08-30,1432.0942406636252
2024-08-31,1379.970200638919
2024-09-01,1246.6246900813474
2024-09-02,1246.6246900813474
2024-09-03,1208.6264483327861
2024-09-04,1056.1503070432102
2024-09-05,1074.3754623021657
2024-09-06,1074.3754623021657
2024-09-07,1051.804905208551
2024-09-08,863.5243596092295
2024-09-09,852.6786631280876
2024-09-10,852.6786631280876
2024-09-11,841.7740617457033
2024-09-12,1251.5480946077319
2024-09-13,1251.5480946077319
2024-09-14,1251.5480946077319
2024-09-15,1349.5478293051133
2024-09-16,1041.588938106104
2024-09-17,1055.9748740974985
2024-09-18,1148.1520301480268
2024-09-19,986.5326296836917
2024-09-20,992.2875840386464
2024-09-21,992.2875840386467
2024-09-22,1098.6874577506944
2024-09-23,989.9811503760344
2024-09-24,1305.96170117133
2024-09-25,1307.5742540128524
2024-09-26,1122.9187934155857
2024-09-27,1077.4732566512955
2024-09-28,983.2588484849578
2024-09-29,969.5487845654807
2024-09-30,1001.502774708946
2024-10-01,978.8497221280312
2024-10-02,984.2264387181245
2024-10-03,991.8057621505081
2024-10-04,1000.4836249930501
2024-10-05,1011.8337729661894
2024-10-06,964.3372007248663
2024-10-07,955.0218582493735
2024-10-08,880.5105145199001
2024-10-09,870.8341524114213
2024-10-10,891.6042120698712
2024-10-11,865.7760159856872
2024-10-12,892.8165602736931
2024-10-13,887.6748021421859
2024-10-14,885.2201420036365
2024-10-15,894.8717727058543
2024-10-16,878.1594233155404
2024-10-17,855.2177892300683
2024-10-18,857.3528125343915
2024-10-19,757.7369382937461
2024-10-20,864.1641070157351
2024-10-21,950.2191588911653
2024-10-22,950.2191588911653
2024-10-23,1067.1488815681662
2024-10-24,911.7420365363691
2024-10-25,941.999429203775
2024-10-26,888.4983614901084
2024-10-27,836.724663542564
2024-10-28,799.7544938694566
2024-10-29,799.7544938694564
2024-10-30,759.9251303859025
2024-10-31,867.2271703264863
2024-11-01,898.8794811160083
2024-11-02,905.9367730146834
2024-11-03,894.3469767199583
2024-11-04,954.5577061741668
2024-11-05,954.5577061741667
2024-11-06,971.7364561555567
2024-11-07,886.2897701408704
2024-11-08,955.3028528973475
2024-11-09,955.3028528973474
2024-11-10,964.0118239710114
2024-11-11,933.5475538791698
2024-11-12,1161.0494092922183
2024-11-13,1161.0494092922186
2024-11-14,1022.3746275670231
2024-11-15,1047.7273181475798
2024-11-16,1047.7273181475798
2024-11-17,1047.7273181475798
2024-11-18,1025.9715661402754
2024-11-19,1023.269827276714
2024-11-20,1023.2698272767138
2024-11-21,1039.8926472281523
2024-11-22,1086.9850645828906
2024-11-23,1107.2777585435683
2024-11-24,1107.2777585435686
2024-11-25,1117.796661061371
2024-11-26,1165.547862552504
2024-11-27,1060.6389471485425
2024-11-28,1060.6389471485425
2024-11-29,1054.8813760915873
2024-11-30,750.7012516916736
2024-12-01,778.9624936497829
2024-12-02,778.9624936497829
2024-12-03,739.7554629886532
2024-12-04,811.48212803837
2024-12-05,895.6303673342483
2024-12-06,895.6303673342481
2024-12-07,1203.735458541149
2024-12-08,1099.4989688338499
2024-12-09,1039.292551360581
2024-12-10,1219.888187678538
2024-12-11,1184.3362372359838
2024-12-12,1099.1384187797178
2024-12-13,1099.1384187797175
2024-12-14,1197.7344142287463
2024-12-15,1265.506210507456
2024-12-16,1205.9739934626746
2024-12-17,1187.7592711115542
2024-12-18,1270.948441584378
2024-12-19,1258.5085037134736
2024-12-20,1106.789037988356
2024-12-21,1093.0048182196615
2024-12-22,1030.6777046649097
2024-12-23,1087.0054876546433
2024-12-24,1084.5192941991352
2024-12-25,1191.6664000140247
2024-12-26,1152.3364563461787
2024-12-27,1100.8084767027183
2024-12-28,1167.103411296749
2024-12-29,1330.4705630118606
2024-12-30,1428.539454056869
2024-12-31,1494.5416933628587
2025-01-01,1497.6271088566043
2025-01-02,1689.3386615198358
2025-01-03,1797.1138401277667
2025-01-04,1775.0851810047643
2025-01-05,1780.437460570725
2025-01-06,1805.586119069895
2025-01-07,1887.9174962197476
2025-01-08,1891.8505912057676
2025-01-09,1889.9258520555022
2025-01-10,1992.7306300470134
2025-01-11,2088.0521927097034
2025-01-12,2010.6671538374017
2025-01-13,2020.1354609390394
2025-01-14,2016.7594728734255
2025-01-15,2081.6658414235376
2025-01-16,1804.6135644704427
2025-01-17,1902.9082772827946
2025-01-18,1949.8914458263448
2025-01-19,1918.0440224165256
2025-01-20,2105.1200088859437
2025-01-21,2146.9025508799195
2025-01-22,2174.1679531072946
2025-01-23,2181.5463423384003
2025-01-24,2092.7512013879154
2025-01-25,1970.0642712402996
2025-01-26,2459.4684306152667
2025-01-27,2528.2909649598523
2025-01-28,3174.859479625967
2025-01-29,2895.8519415257942
2025-01-30,2833.4037350236563
2025-01-31,2656.920623711567
2025-02-01,2487.6840362560242
2025-02-02,2079.1317491379414
2025-02-03,1990.048431684422
2025-02-04,2363.86242633108
2025-02-05,2208.324404759278
2025-02-06,2109.0216659186262
2025-02-07,2126.630528701212
2025-02-08,2131.1396568620125
2025-02-09,2130.659806302687
2025-02-10,1970.5563131645501
2025-02-11,1927.2305533034419
2025-02-12,2122.6642039197486
2025-02-13,1947.0828862394035
2025-02-14,1937.6105275951345
2025-02-15,1937.6105275951343
2025-02-16,2079.6396624688728
2025-02-17,2064.110271512992
2025-02-18,1681.9183857683943
2025-02-19,1591.441617983095
2025-02-20,1753.5706489369345
2025-02-21,1737.9495426781116
2025-02-22,1637.5144794043933
2025-02-23,1773.8577346507814
2025-02-24,1763.868656153932
2025-02-25,1671.1810594170636
2025-02-26,1690.1939460507188
2025-02-27,1305.630433879087
2025-02-28,1244.6454268929408
2025-03-01,1224.1379604977083
2025-03-02,1251.491652389588
2025-03-03,1459.459031416476
2025-03-04,1420.404185747125
2025-03-05,1298.2929292423576
2025-03-06,1357.9843534777583
2025-03-07,1421.845638900802
2025-03-08,1341.066529417211
2025-03-09,1401.5274452874178
2025-03-10,1378.7901393063994
2025-03-11,1385.455015626022
2025-03-12,1416.216707145711
2025-03-13,1307.9502741375957
2025-03-14,1417.2084044929516
2025-03-15,1394.3110522807945
2025-03-16,1401.083557145133
2025-03-17,1382.5366926907031
2025-03-18,1480.0502234226956
2025-03-19,1343.2553727428296
2025-03-20,1208.0139018486473
2025-03-21,1104.7773191385486
2025-03-22,1300.392320532124
2025-03-23,1337.1624799506687
2025-03-24,1393.7817616757043
2025-03-25,1433.6813262072283
2025-03-26,1379.530356359749
2025-03-27,1312.021186616306
2025-03-28,1292.1821131235859
2025-03-29,1321.5386876078448
2025-03-30,1319.6375304425721
2025-03-31,1268.196268832962
2025-04-01,1265.8346269367096
2025-04-02,1089.831817025001
2025-04-03,1004.6160616336786
2025-04-04,1065.0029005788374
2025-04-05,1104.116790719994
2025-04-06,992.7941996102719
2025-04-07,990.7653881442213
2025-04-08,1052.734550074672
2025-04-09,1123.7953520230576
2025-04-10,1151.5974336302877
2025-04-11,1059.3271118214234
2025-04-12,1046.9613741449655
2025-04-13,1088.6482296861832
2025-04-14,1059.6305618405574
2025-04-15,977.1066970272944
2025-04-16,948.8282494066615
2025-04-17,925.4306147310562
2025-04-18,926.2236849216969
2025-04-19,960.7948328530185
2025-04-20,952.2671026236314
2025-04-21,1109.5175530315832
2025-04-22,1139.5799529681226
2025-04-23,1079.387366479084
2025-04-24,1088.5892942643754
2025-04-25,1069.5408553024386
2025-04-26,1023.6755151946649
2025-04-27,1010.6596581480941
2025-04-28,1199.9164473118742
2025-04-29,1201.8064110160794
2025-04-30,1119.4528108603406
2025-05-01,1193.3790892469326
2025-05-02,1163.0574745552906
2025-05-03,1116.003395062028
2025-05-04,1147.2058633621737
2025-05-05,1243.3516940105208
2025-05-06,1243.351694010521
2025-05-07,1252.5457874086967
2025-05-08,918.0686677619173
2025-05-09,695.2193400720373
2025-05-10,536.6795605481444
2025-05-11,519.0898543840219
2025-05-12,616.8969061991386
2025-05-13,616.8969061991386
2025-05-14,803.030207943235
2025-05-15,812.1785769036021
2025-05-16,869.248656045831
2025-05-17,676.7931119270726
2025-05-18,880.5785835871299
2025-05-19,882.7001422863622
2025-05-20,896.6062694064191
2025-05-21,712.3674731737786
2025-05-22,749.9076101234629
2025-05-23,914.7758893482338
2025-05-24,883.662063882439
2025-05-25,864.6357609256262
2025-05-26,766.3522811354088
2025-05-27,1058.309499128392
2025-05-28,1061.1425882228143
2025-05-29,1151.0458367880576
2025-05-30,1207.325200324177
2025-05-31,1156.4485612460426
2025-06-01,1172.2073198725373
2025-06-02,1023.0193538946698
2025-06-03,1038.1399887130112
2025-06-04,848.8055566134816
2025-06-05,767.477982030368
2025-06-06,702.378120191907
2025-06-07,710.1203510333835
2025-06-08,714.9885905918075
2025-06-09,630.4133621682596
2025-06-10,650.9320167962964
2025-06-11,574.1483590287628
2025-06-12,791.9553490638382
2025-06-13,709.7448826942963
2025-06-14,760.5258485329582
2025-06-15,746.5438527616309
2025-06-16,760.2332804671556
2025-06-17,583.7498370207188
2025-06-18,612.3864615654777
2025-06-19,722.2098535871246
2025-06-20,772.8859910150112
2025-06-21,688.4998090288248
2025-06-22,571.7036062999325
2025-06-23,497.71410653560974
2025-06-24,495.2744881776369
2025-06-25,533.1301082638498
2025-06-26,579.8881848485767
2025-06-27,543.4491620178106
2025-06-28,562.238198700796
2025-06-29,475.8496494527328
2025-06-30,395.0845644828572
2025-07-01,634.082317995974
2025-07-02,774.1841900016777
2025-07-03,1294.7987173375268
2025-07-04,1583.3578083088307
2025-07-05,1996.087458806223
2025-07-06,2247.4594062044116
2025-07-07,2630.6174135669453
2025-07-08,2503.987550591584
2025-07-09,2567.1668181508403
2025-07-10,2449.443356872397
2025-07-11,2862.5651686788497
2025-07-12,3498.2521105119054
2025-07-13,3251.520604608818
2025-07-14,3257.4227824044874
2025-07-15,2594.9534407749575
2025-07-16,2594.9534407749575
2025-07-17,2654.5850734514206
2025-07-18,2788.6321153419144
2025-07-19,3087.47317407303
2025-07-20,3370.4193410079492
2025-07-21,3508.642457892262
2025-07-22,3399.3738786421604
2025-07-23,2843.009643343978
2025-07-24,2050.3542615808487
2025-07-25,2190.091022524228
2025-07-26,2422.925617768635
2025-07-27,2591.5471795678304
2025-07-28,2642.3034734103258
2025-07-29,2527.551005977042
2025-07-30,2542.5487015110148
2025-07-31,2711.2531037045987
2025-08-01,2751.065012151699
2025-08-02,2586.314472467408
2025-08-03,2439.334542449914
2025-08-04,2082.764264842733
2025-08-05,2036.176431746982
2025-08-06,1905.9071021781053
2025-08-07,1784.198816393967
2025-08-08,1406.1514377961764
2025-08-09,1409.3364090769867
2025-08-10,1380.8003448709458
2025-08-11,1448.1876082303665
2025-08-12,1928.6470440534015
2025-08-13,1765.0750952964675
2025-08-14,1582.0240030395537
2025-08-15,1405.7169953055657
2025-08-16,1365.6110836284297
2025-08-17,1389.100877719279
2025-08-18,1275.222073974673
2025-08-19,1276.7312236288928
2025-08-20,1216.4797227177312
2025-08-21,1003.7493294838637
2025-08-22,1068.449558579996
2025-08-23,1088.0240413814913
2025-08-24,1130.575433265557
2025-08-25,1165.6158511323702
2025-08-26,1152.9983375709244
2025-08-27,1204.6874706124554
2025-08-28,1021.0761618439716
2025-08-29,1030.0486638976997
2025-08-30,739.1988170398062
2025-08-31,847.1460599900313
2025-09-01,861.0266434342562
2025-09-02,921.9166393286894
2025-09-03,958.9089938388177
2025-09-04,993.1701256037572
2025-09-05,1097.3758079345102
2025-09-06,1094.6825515595965
2025-09-07,1159.517697894164
2025-09-08,1134.7282989265002
2025-09-09,1004.1431025635835
2025-09-10,1047.8024350198793
2025-09-11,984.125392101516
2025-09-12,947.442142272466
2025-09-13,857.7784887513217
2025-09-14,823.577312463479
2025-09-15,827.5608996129358
2025-09-16,934.8368882902414
2025-09-17,825.0623596955012
2025-09-18,824.2221372909993
2025-09-19,746.190838437125
2025-09-20,851.9039093678908
2025-09-21,714.8818083720646
2025-09-22,516.0968909382315
2025-09-23,757.2428055098935
2025-09-24,963.2629939952146
2025-09-25,970.0864373269284
2025-09-26,1063.6375134259433
2025-09-27,1131.9118352024495
2025-09-28,1100.5977661749548
2025-09-29,849.086760955744
2025-09-30,876.1112941380051
2025-10-01,806.7054884812504
2025-10-02,789.7559500208316
2025-10-03,675.1700005494179
2025-10-04,769.8039668982557
2025-10-05,887.5429546806663
2025-10-06,917.7371831354544
2025-10-07,977.8083692220013
2025-10-08,830.3056031975385
2025-10-09,972.8098814777959
2025-10-10,1027.957174014089
2025-10-11,1191.9208619276997
2025-10-12,1211.52111993767
2025-10-13,1186.2448100916931
2025-10-14,1333.1020622654958
2025-10-15,1163.3268789564609
2025-10-16,1027.9051204567727
2025-10-17,895.2968321246436
2025-10-18,1035.6532592548335
2025-10-19,1023.6173851604598
2025-10-20,960.1981824339277
2025-10-21,997.42440211667
2025-10-22,1009.8662302240247
2025-10-23,1073.6533918178036
2025-10-24,861.1749124779544
2025-10-25,949.6436096965795
2025-10-26,1001.9111356701667
2025-10-27,1007.7726260149149
2025-10-28,947.096693353289
2025-10-29,947.096693353289
2025-10-30,949.9722788876727
2025-10-31,757.7890342380741
2025-11-01,798.5721405483913
2025-11-02,769.2518788788818
2025-11-03,1021.2176793515875
2025-11-04,1037.8531687532752
2025-11-05,961.6193564908931
2025-11-06,1062.1572241795386
2025-11-07,1086.3659407667408
2025-11-08,1147.4346485701822
2025-11-09,1193.8254415065842
2025-11-10,1150.4829259160722
2025-11-11,1167.0803071041883
2025-11-12,1145.7348207514888
2025-11-13,1254.333014676921
2025-11-14,1319.9884252521274
2025-11-15,1243.8469183520563
2025-11-16,1024.4164970351353
2025-11-17,843.3611983777466
2025-11-18,888.1361418182843
2025-11-19,927.9733893662368
2025-11-20,980.4185557942012
2025-11-21,959.7617076202948
2025-11-22,1003.6457638011314
2025-11-23,1044.3359376292165
2025-11-24,925.415120464633
2025-11-25,819.1238532338041
2025-11-26,881.2686728885344
2025-11-27,867.0323545708568
2025-11-28,831.5504733083396
2025-11-29,883.8018493693007
2025-11-30,907.4505323861083
2025-12-01,950.5568423847826
2025-12-02,950.591377794504
2025-12-03,884.0728216034296
2025-12-04,630.3946401550937
2025-12-05,819.5622427094538
2025-12-06,957.9355484260167
2025-12-07,996.9279939797659
2025-12-08,1054.321454570379
2025-12-09,1023.8097859330566
2025-12-10,1091.6549455265545
2025-12-11,1150.3650628514956
2025-12-12,1057.277839856567
2025-12-13,1028.1233322245425
2025-12-14,911.492990620422
2025-12-15,795.7469983607477
2025-12-16,789.1693312644744
2025-12-17,1004.9281039442952
2025-12-18,1036.772364056438
2025-12-19,1232.7008245530026
2025-12-20,1039.0765070125137
2025-12-21,1090.2949325605987
2025-12-22,1197.2535915310625
2025-12-23,1350.9894309729077
2025-12-24,1336.8151433344601
2025-12-25,1347.011547385791
2025-12-26,1625.319272364607
2025-12-27,1776.1071360591552
2025-12-28,2035.1876794566226
2025-12-29,1604.5653167797157
2025-12-30,1777.5657503244406
2025-12-31,1672.6796737602297
2026-01-01,1672.6796737602294
2026-01-02,1636.694563741111
2026-01-03,1804.1853841210093
2026-01-04,1810.4231799920426
2026-01-05,1629.4170515003916
2026-01-06,1573.6713392049041
2026-01-07,1507.7782431205603
2026-01-08,1668.2553892021338
2026-01-09,2215.8154734027385
2026-01-10,2003.9754273742508
2026-01-11,2186.8773173341224
2026-01-12,1998.9231372657991
2026-01-13,2603.007154702116
2026-01-14,2581.9189352217772
2026-01-15,2522.1721265466717
2026-01-16,3002.4302137286404
2026-01-17,3067.714410299961
2026-01-18,2915.863846047716
2026-01-19,2393.6030807399143
2026-01-20,2706.8473185994853
2026-01-21,2601.2544995188277
2026-01-22,2516.953722660933
2026-01-23,2119.238898912699
2026-01-24,2119.238898912699
2026-01-25,2486.0832271008626
2026-01-26,2321.7934960966427
2026-01-27,2739.7541244936297
2026-01-28,2197.017196142947
2026-01-29,2682.1297382664247
2026-01-30,2305.867024973511
2026-01-31,2038.4582397073773
2026-02-01,2491.7207410297947
2026-02-02,2428.556179323797
2026-02-03,2744.431819074411
2026-02-04,2621.1554818125655
2026-02-05,2535.086262356862
2026-02-06,2010.3664511798754
2026-02-07,2215.846775996282
2026-02-08,2218.8532983408604
2026-02-09,2098.4336922217244
2026-02-10,2337.60165225092
2026-02-11,2343.972948970293
2026-02-12,2115.525494623912
2026-02-13,1830.5216368039164
2026-02-14,2320.199812709578
2026-02-15,2243.244854213741
2026-02-16,2412.14375148736
2026-02-17,2645.1547854069813
2026-02-18,2344.3813081490944
2026-02-19,2257.5471968849647
2026-02-20,2017.0526229140987
2026-02-21,2130.3408531803398
2026-02-22,1633.9559174534293
2026-02-23,1377.7113067820364
2026-02-24,1085.9382295476196
2026-02-25,1284.2583290798827
2026-02-26,1427.7076120880918
2026-02-27,1429.33624995407
2026-02-28,1409.386672687758
2026-03-01,1470.1368004290262
2026-03-02,1529.054988175098
2026-03-03,1125.5035122703844
2026-03-04,963.1336897482987
2026-03-05,871.1919561274796
2026-03-06,871.1919561274797
2026-03-07,1119.6151480052047
2026-03-08,847.8042623937157
2026-03-09,1041.8956855286904
2026-03-10,925.1047410643972
2026-03-11,970.3303018382816
2026-03-12,821.6829794520771
2026-03-13,821.6829794520772
2026-03-14,885.7841595494306
2026-03-15,912.2730732479544
2026-03-16,932.752048166081
2026-03-17,905.3883786688725
2026-03-18,1003.3977804213829
2026-03-19,796.956228035693
2026-03-20,996.8533547886952
2026-03-21,978.1643477639502
2026-03-22,978.1643477639502
2026-03-23,1007.2621262916153
2026-03-24,820.2447019127101
2026-03-25,974.714051514294
2026-03-26,854.2685280491507
2026-03-27,829.3078079225721
2026-03-28,774.7142682516215
2026-03-29,774.7142682516215
2026-03-30,1030.3939266598986
2026-03-31,1061.6733808049273
2026-04-01,1054.6228929350839
2026-04-02,1018.0280221958569
2026-04-03,925.5976183162037
2026-04-04,802.082610201067
2026-04-05,937.2009881581871
2026-04-06,1332.4801948571007
2026-04-07,1332.4801948571005
2026-04-08,1072.9002621480804
2026-04-09,867.4618991605212
2026-04-10,1061.6766290523897
2026-04-11,789.011818796295
2026-04-12,1060.456634340783
2026-04-13,864.7094850373755
2026-04-14,864.7094850373755
2026-04-15,1143.9847207314845
2026-04-16,1180.807485084628
2026-04-17,1231.9914802306612
2026-04-18,914.1878140009478
2026-04-19,1071.3413167808471
2026-04-20,803.9945446257502
2026-04-21,763.9531222467667
2026-04-22,696.5095874990715
2026-04-23,696.5095874990715
2026-04-24,863.7763134794708
2026-04-25,699.9798785907759
2026-04-26,900.6117450764566
2026-04-27,658.5766737474137
2026-04-28,761.0066135334956
2026-04-29,956.2026009029503
2026-04-30,956.2026009029502
2026-05-01,1349.1231854266377
2026-05-02,1405.4386195581005
2026-05-03,993.5769459713524
2026-05-04,758.5358348509276
2026-05-05,982.2629819534677
2026-05-06,708.6991314538653
2026-05-07,618.3685393925809
2026-05-08,534.3740158007448
2026-05-09,534.3740158007448
2026-05-10,873.6707918508229
2026-05-11,656.5075947088992
2026-05-12,833.4549522158145
2026-05-13,734.0856209577476
2026-05-14,801.0333794720831
2026-05-15,657.7790291039618
2026-05-16,657.7790291039616
2026-05-17,844.0658153200771
2026-05-18,878.9796123277839
2026-05-19,959.2009452344466
2026-05-20,732.7599460406478
2026-05-21,847.8053368972483
2026-05-22,685.9723228902
2026-05-23,949.5995736865028
2026-05-24,842.8491901519519
2026-05-25,842.8491901519519
2026-05-26,963.5637435380095
2026-05-27,947.5430659932018
2026-05-28,1061.2248354475878
2026-05-29,932.9017436414524
2026-05-30,973.756846406013
2026-05-31,924.5582226966972
2026-06-01,924.5582226966972
2026-06-02,1068.4252096256625
2026-06-03,1080.3378176605881
2026-06-04,833.5743948418318
2026-06-05,1267.1947003376229
2026-06-06,1114.7506377525315
2026-06-07,925.8346378032537
2026-06-08,856.8152242897921
2026-06-09,607.3045245592438
2026-06-10,607.3045245592438
2026-06-11,965.0237894836999
2026-06-12,757.8848819621786
2026-06-13,788.790875163415
2026-06-14,663.0862940710258
2026-06-15,686.275217128016
2026-06-16,532.124881731125
2026-06-17,532.1248817311249
2026-06-18,684.4805289545732
2026-06-19,695.2945349455105
2026-06-20,926.2623992710951
2026-06-21,678.3476925953422
2026-06-22,1892.8826551074608
2026-06-23,1363.8947151187494
2026-06-24,1484.7269638081698
2026-06-25,1444.4624050475445
2026-06-26,1444.4624050475445
2026-06-27,1315.9265306679413
2026-06-28,1234.6170381791158
2026-06-29,939.3984387442608
2026-06-30,1173.2614944388936
2026-07-01,946.7296504270943
2026-07-02,1076.4081639307915
2026-07-03,1076.4081639307913
2026-07-04,2034.2506094653388
2026-07-05,2094.3427829576194
2026-07-06,2139.0049323557696
2026-07-07,2722.5462329653124
2026-07-08,3144.9023066734617
2026-07-09,3023.0514114540138
2026-07-10,3263.6274062839243
2026-07-11,3291.1268297938636
2026-07-12,3291.126829793863
2026-07-13,3208.2322662888437
2026-07-14,2420.3619343640125
2026-07-15,2338.77676331781
2026-07-16,2024.473902212844
2026-07-17,2509.591204423611
2026-07-18,2400.8996618969168
2026-07-19,2400.8996618969163
2026-07-20,2020.3169358094872
2026-07-21,2071.9464154750126
2026-07-22,2791.6503371408157
2026-07-23,3053.853872261963
2026-07-24,2914.5632401168805
2026-07-25,3042.963723623248
2026-07-26,2999.9293428080987
2026-07-27,3546.4230881539693
2026-07-28,3546.4230881539693
2026-07-29,3449.911440972641
2026-07-30,3487.0732823357844
2026-07-31,3296.1011438022715
2026-08-01,3017.988893381602
2026-08-02,2866.523697134057
2026-08-03,2675.9997003487356
2026-08-04,2675.9997003487356
2026-08-05,2978.5920489346468
2026-08-06,2946.3839415043103
2026-08-07,1746.7715856894995
2026-08-08,1332.6802595885974
